mp_no,mp_name,mp_state,works,sanctioned,completed,recommended_total,sanctioned_total,disbursed_total,spent_total,alloc_limit,stalled,zero_disbursal,dup_leads,anomalies,avg_risk_per_work,spend_pct_alloc,cumulative_risk_points,risk_rank
334.0,Shri Chandra Prakash Choudhary,Jharkhand,457,451,0,38736462.0,38736462.0,0.0,5685177.0,147000000.0,379,451,0,0,48.7636761487965,3.867467346938776,2039,1
838.0,Dharmasthala Veerendra Heggade,Karnataka,395,296,7,31272228.0,29773967.0,6482443.0,13939823.0,196063957.11,201,290,0,2,32.59493670886076,7.109834569022383,1187,2
106.0,Vivek K. Tankha,Madhya Pradesh,236,182,70,68946579.0,62743256.0,25854386.0,13885048.0,220563957.11,87,115,5,70,29.110169491525422,6.295247955256455,651,3
577.0,Jaswantsinh Sumanbhai Bhabhor,Gujarat,140,113,4,39185188.0,34949518.0,1279500.0,9339102.0,147000000.0,0,109,29,26,24.464285714285715,6.353130612244898,386,4
353.0,Adv Dean Kuriakose,Kerala,84,55,1,23579067.0,17283339.0,0.0,8102721.0,147000000.0,3,55,62,0,32.79761904761905,5.512055102040817,367,5
423.0,Shri Abhishek Banerjee,West Bengal,152,150,61,46418634.0,46418634.0,16657198.0,1054294.0,147000000.0,59,89,0,0,25.29605263157895,0.7172068027210885,355,6
18338.0,CHAMALA KIRAN KUMAR REDDY,Telangana,263,0,251,9625194.0,0.0,26526935.0,4993986.0,147000000.0,0,0,87,0,8.269961977186313,3.3972693877551023,348,7
847.0,Baburam Nishad,Uttar Pradesh,240,125,117,65537084.32,42182728.32,40084308.32,3239785.0,196063957.11,3,13,72,3,9.270833333333334,1.6524123289944344,329,8
197.0,Neeraj Shekhar,Uttar Pradesh,93,91,32,82063419.0,82063419.0,39997707.0,0.0,236483662.11,61,61,0,1,36.29032258064516,0.0,307,9
140.0,Sant Balbir Singh,Punjab,122,69,60,54250157.0,44075359.0,40662604.0,8840665.0,196359074.44000003,25,26,29,24,21.311475409836067,4.502295106662553,291,10
202.0,Seema Dwivedi,Uttar Pradesh,161,106,96,50841105.4,46633416.4,58386186.4,8711417.0,173830159.11,44,46,0,31,19.130434782608695,5.011453158992624,286,11
78.0,Sikander Kumar,Himachal Pradesh,185,114,97,44482245.0,44182245.0,42755527.04,13953767.0,207863957.11,36,44,0,39,15.783783783783784,6.71293243619709,274,12
18221.0,NARAYAN DAS AHIRWAR,Uttar Pradesh,155,150,20,35864345.160000004,35864345.160000004,4777432.800000001,2921794.0,147000000.0,0,131,0,0,16.903225806451612,1.9876149659863944,262,13
138.0,Sulata Deo,Odisha,111,64,17,44950000.0,44950000.0,8200000.0,14522329.0,196084721.4,47,53,0,5,25.27027027027027,7.406150207070645,257,14
18380.0,VINOD KUMAR BIND,Uttar Pradesh,375,125,141,22024596.0,14884883.0,16776209.0,14960837.0,147000000.0,0,125,0,0,6.666666666666667,10.177440136054422,250,15
444.0,Durga Das Uikey,Madhya Pradesh,141,0,36,32631426.0,0.0,10419894.0,2571725.0,151569502.91,0,0,62,0,10.99290780141844,1.6967298504152624,248,16
632.0,Anto Antony,Kerala,87,81,0,30283482.0,29296292.0,0.0,1842255.0,147000000.0,18,81,6,4,28.50574712643678,1.253234693877551,248,17
180.0,K. Laxman,Uttar Pradesh,143,122,76,18644714.0,18644714.0,20229149.0,19091709.0,197637007.11,48,48,0,1,18.6013986013986,9.659986901832617,242,18
19.0,Hardeep Singh Puri,Uttar Pradesh,193,172,134,96611404.89,96611404.89,69487517.89,11323656.0,226801049.11,39,39,0,21,13.290155440414507,4.992770555707594,237,19
643.0,Gyaneshwar Patil,Madhya Pradesh,95,62,19,24731533.0,14569720.0,2410874.0,4087669.0,155690684.77,47,47,0,1,27.42105263157895,2.625506468828668,237,20
826.0,Raju Bista,West Bengal,88,86,9,42941398.0,42941398.0,4119029.0,2342202.0,147000000.0,23,77,0,5,27.78409090909091,1.593334693877551,233,21
192.0,Surendra Singh Nagar,Uttar Pradesh,143,107,71,86590369.0,65426113.0,40662454.0,5062040.0,220563957.11,40,40,0,16,17.622377622377623,2.2950440617437105,232,22
18074.0,KALI CHARAN MUNDA,Jharkhand,80,78,31,48308000.0,48308000.0,19500000.0,750000.0,147000000.0,44,47,0,1,31.25,0.5102040816326531,228,23
18041.0,RAJESH RANJAN ALIAS PAPPU YADAV,Bihar,70,40,21,36550000.0,36550000.0,20400000.0,24848000.0,147000000.0,7,19,37,1,22.428571428571427,16.90340136054422,209,24
18253.0,BAPI HALDAR,West Bengal,84,77,34,27582108.0,26182345.0,9000363.0,3960636.0,147000000.0,40,43,0,0,26.904761904761905,2.6943102040816327,206,25
443.0,Rodmal Nagar,Madhya Pradesh,103,99,5,45840547.0,45840547.0,23480459.0,1200000.0,147000000.0,0,94,0,5,19.223300970873787,0.8163265306122449,198,26
131.0,Sasmit Patra,Odisha,76,55,19,35900000.0,35900000.0,10564746.0,7376397.0,196063957.11,35,36,0,2,26.11842105263158,3.762240193826923,181,27
18232.0,HARENDRA SINGH MALIK,Uttar Pradesh,61,46,12,24673199.0,24660318.0,6491537.0,5135069.0,147000000.0,30,34,0,9,31.311475409836067,3.493244217687075,176,28
833.0,Jairam Ramesh,Karnataka,44,44,13,52147985.0,52147985.0,22497985.0,0.0,220563957.11,24,31,0,16,40.45454545454545,0.0,166,29
681.0,Sanjay Haribhau Jadhav,Maharashtra,45,40,4,35163301.0,35163301.0,3197944.0,2695344.0,147000000.0,28,37,0,0,38.22222222222222,1.8335673469387754,158,30
831.0,Rwngwra Narzary,Assam,72,48,3,67685374.0,62686374.0,4200000.0,24943843.0,220563957.11,10,46,0,16,22.083333333333332,11.309120187556285,154,31
84.0,Jaggesh,Karnataka,125,79,74,73875939.0,39386543.0,58346404.0,2747190.0,196063957.11,14,26,6,17,12.0,1.4011703326270786,152,32
812.0,Vijay Kumar Dubey,Uttar Pradesh,106,56,59,41291929.0,13231564.0,15409644.0,300000.0,148900000.0,0,7,34,0,9.339622641509434,0.20147750167897915,150,33
18238.0,RAMASHANKAR RAJBHAR,Uttar Pradesh,102,77,17,32447445.0,32447445.0,6852941.0,3235492.0,160056927.07,9,61,0,0,15.049019607843137,2.021463275116469,149,34
18236.0,CHHOTELAL,Uttar Pradesh,133,131,70,43060751.0,42816996.0,22124861.0,919796.0,147000000.0,4,62,0,1,10.526315789473685,0.6257115646258503,138,35
18219.0,AJENDRA SINGH LODHI,Uttar Pradesh,79,68,3,39030000.0,36030000.0,5486220.0,10470668.0,147000000.0,0,68,0,0,17.21518987341772,7.122903401360545,136,36
479.0,Saumitra khan,West Bengal,36,31,0,29176583.0,29176583.0,0.0,7405591.0,147000000.0,24,31,0,1,41.111111111111114,5.037817006802721,136,37
18161.0,SANJNA JATAV,Rajasthan,112,81,58,38257287.1,37257287.1,28965022.1,11950401.0,147000000.0,21,29,0,7,12.991071428571429,8.129524489795918,135,38
716.0,Smt Harsimrat Kaur Badal,Punjab,96,42,17,11239211.0,11239211.0,4092731.0,12426203.0,159775982.39,23,26,0,4,14.635416666666666,7.777265903249879,129,39
858.0,Asit Kumar Mal,West Bengal,104,60,67,61941850.0,49876871.0,61278166.0,5041147.0,275694456.74,15,32,0,9,12.932692307692308,1.8285267899869926,127,40
429.0,Jyotsna Charandas Mahant,Chhattisgarh,142,59,73,25270232.0,20021503.0,25235229.0,8210097.0,155153738.11,20,27,3,0,9.26056338028169,5.291588265942553,126,41
850.0,Naresh Bansal,Uttarakhand,103,69,65,66956964.0,52705964.0,53431494.0,18610086.0,222043184.71,10,10,9,19,11.21359223300971,8.381291244901638,124,42
846.0,Damodar Rao Divakonda,Telangana,88,37,28,45614913.0,31375998.0,14836169.0,16832168.0,239919406.11,17,25,0,11,14.943181818181818,7.015759280548846,123,43
18152.0,SARABJEET SINGH KHALSA,Punjab,169,115,117,29489788.0,29955265.0,26143575.0,4065419.0,150850348.15,10,28,8,1,6.686390532544379,2.695001403614593,120,44
235.0,Sandeep Kumar Pathak,Punjab,256,1,4,2000000.0,499523.0,4832969.0,117431958.0,232203454.24,0,0,0,59,4.609375,50.57287299379496,118,45
18006.0,DAGGUMALLA PRASADA RAO,Andhra Pradesh,103,76,68,46841989.0,42021484.0,29809286.0,6934898.0,147000000.0,17,17,0,15,11.990291262135923,4.71761768707483,115,46
141.0,Harbhajan Singh,Punjab,87,28,24,43817810.0,37026910.0,18643279.0,29841587.0,220984094.27,16,16,0,17,14.022988505747126,13.50395244444124,114,47
18007.0,Putta Mahesh Kumar,Andhra Pradesh,64,50,0,28058000.0,22100000.0,0.0,7542633.0,147000000.0,1,50,0,0,16.171875,5.131042857142857,103,48
81.0,Aditya Prasad,Jharkhand,115,57,104,88090770.0,45357770.0,79741000.0,1248274.0,227628508.2,8,8,4,23,8.695652173913043,0.5483821028705402,102,49
18173.0,THARANIVENTHAN M S,Tamil Nadu,69,50,24,36045938.0,32645938.0,10773587.0,6224020.0,168337124.35,16,26,0,1,15.942028985507246,3.697354356047606,102,50
146.0,Mukul Wasnik,Rajasthan,81,31,30,50784112.0,42550195.0,35674620.0,24053046.0,196063957.11,13,14,0,17,13.271604938271604,12.2679590652683,101,51
761.0,Arvind Dharmapuri,Telangana,270,62,220,51586441.0,24003343.0,70885882.0,8408635.0,281396355.11,7,20,7,6,3.4814814814814814,2.9881819175351434,101,52
582.0,Prabhubhai Nagarbhai Vasava,Gujarat,58,29,13,14563584.0,6552484.0,3829777.0,5114791.0,147000000.0,13,20,5,0,16.896551724137932,3.479449659863946,99,53
107.0,Sumitra Balmik,Madhya Pradesh,59,36,32,42864948.0,39655566.0,40017517.0,10889920.0,196063957.11,9,11,4,17,16.52542372881356,5.554269209149085,99,54
186.0,Arun Singh,Uttar Pradesh,43,35,19,73493294.0,73493294.0,36777145.0,12286209.0,223492764.11,12,16,0,15,24.186046511627907,5.497363213939624,98,55
18155.0,DR. RAJ KUMAR CHABBEWAL,Punjab,93,36,26,9298000.0,8500000.0,11128572.0,7106605.0,147000000.0,18,18,0,4,11.505376344086022,4.834425170068028,98,56
139.0,S. Selvaganabathy,Puducherry,46,25,19,87478166.0,57949289.0,38810541.0,31299582.0,292881856.49,3,8,0,33,20.108695652173914,10.686760311855876,91,57
18322.0,NALIN SOREN,Jharkhand,43,19,1,7000000.0,7000000.0,450000.0,3837500.0,147364097.11,18,18,0,0,23.023255813953487,2.60409426397496,90,58
18245.0,BAG MITALI,West Bengal,31,20,1,11231376.0,8842136.0,500000.0,3457026.0,147000000.0,13,19,2,0,28.548387096774192,2.3517183673469386,85,59
18250.0,SK NURUL ISLAM,West Bengal,18,18,3,35118648.0,35118648.0,9497831.0,0.0,49000000.0,4,15,3,15,45.27777777777778,0.0,84,60
195.0,B.L. Verma,Uttar Pradesh,348,277,330,70796285.09,67465735.09,64757741.09,1232185.0,196063957.11,15,16,0,3,2.6005747126436782,0.6284607421794987,83,61
386.0,Shri Hanuman Beniwal,Rajasthan,167,149,139,42252197.0,40183615.0,36306197.0,6598170.0,147000000.0,16,16,0,1,5.389221556886228,4.488551020408163,82,62
18339.0,KARAN BHUSHAN SINGH,Uttar Pradesh,34,18,16,26454989.0,26454989.0,22893876.0,3000018.0,147000000.0,15,15,0,2,25.441176470588236,2.0408285714285714,79,63
485.0,Pratima Mondal,West Bengal,92,66,54,32974236.0,26288374.0,19049872.0,874827.0,147000000.0,8,25,0,2,8.91304347826087,0.5951204081632653,78,64
243.0,Kakoli Ghosh Dastidar,West Bengal,46,40,4,34051271.0,28571271.0,2986922.0,785253.0,147000000.0,0,36,0,2,16.52173913043478,0.5341857142857143,76,65
18065.0,DEEPENDER SINGH HOODA,Haryana,45,24,9,17835592.0,16235592.0,5475246.0,10673498.0,147000000.0,10,17,0,6,18.0,7.260882993197279,76,66
849.0,Geeta alias Chandraprabha,Uttar Pradesh,173,115,166,115960207.35,72905282.35,112199634.35,0.0,196063957.11,4,4,0,26,4.277456647398844,0.0,72,67
413.0,Alok Kumar Suman,Bihar,25,1,1,18942374.0,1032374.0,1032374.0,3735556.0,147000000.0,0,0,18,0,18.0,2.541194557823129,72,68
370.0,Shri Jual Oram,Odisha,83,22,9,38488256.0,13150000.0,4600000.0,11831569.0,173096756.91,13,16,0,0,9.337349397590362,6.835234357482337,71,69
189.0,Kapil Sibal,Uttar Pradesh,62,30,22,43165507.0,34167504.0,20857918.12,10386657.0,196063957.11,8,9,0,14,11.935483870967742,5.297586131127943,70,70
18271.0,JAGADISH CHANDRA BARMA BASUNIA,West Bengal,35,35,0,20535060.0,20535060.0,0.0,0.0,168604641.11,0,35,0,0,20.0,0.0,70,71
52.0,Satish Chandra Dubey,Bihar,74,56,62,43438727.0,45338727.0,53438051.0,4965885.0,235263957.11,7,8,0,14,9.256756756756756,2.1107716885328727,65,72
187.0,Javed Ali Khan,Uttar Pradesh,135,122,112,48790552.0,48790552.0,49736546.0,2129378.0,196063957.11,11,11,0,4,5.074074074074074,1.0860629517975764,63,73
18112.0,BALWANT BASWANT WANKHADE,Maharashtra,47,15,0,19841000.0,17641000.0,0.0,27782086.0,198293678.0,10,15,0,0,13.829787234042554,14.010575768330849,60,74
823.0,Ms Mahua Moitra,West Bengal,26,21,10,35958802.0,35958802.0,3428664.0,12182360.0,159865046.0,10,11,0,4,25.0,7.6204025237637,60,75
15.0,R. Dharmar,Tamil Nadu,134,83,117,141435819.0,97636745.0,133635731.0,8586069.0,260812242.52,0,0,0,29,4.3283582089552235,3.292049835176579,58,76
7.0,Mahua Maji,Jharkhand,164,93,143,81805632.0,47818988.0,77069695.0,0.0,232524001.2,11,11,0,1,3.8109756097560976,0.0,57,77
14.0,Ilaiyaraaja,Tamil Nadu,19,19,10,31482615.0,31482615.0,9101464.0,0.0,220563957.11,3,9,0,15,30.789473684210527,0.0,57,78
18314.0,GURMEET SINGH MEET HAYER,Punjab,61,19,9,3149434.0,3149434.0,1342131.0,7030090.0,147000000.0,10,10,0,3,10.0,4.782374149659864,56,79
18311.0,MALVINDER SINGH KANG,Punjab,76,18,16,14862943.0,8018662.0,8512011.0,11109074.0,147000000.0,10,10,0,3,8.026315789473685,7.557193197278912,56,80
18353.0,RACHNA BANERJEE,West Bengal,24,23,2,19742891.0,19742891.0,1375238.0,290242.0,147000000.0,4,22,0,0,24.166666666666668,0.19744353741496598,56,81
183.0,Ram Gopal Yadav,Uttar Pradesh,45,28,22,81237169.0,68740169.0,62640169.0,34327230.0,221271395.11,3,6,0,17,12.555555555555555,15.513632018695866,55,82
641.0,Gajendra Singh Patel,Madhya Pradesh,113,39,77,38471465.0,18584057.0,20593907.0,650000.0,147000000.0,8,15,0,0,5.132743362831858,0.44217687074829937,54,83
745.0,K Subbarayan,Tamil Nadu,39,29,9,39914923.0,38414923.0,9131957.0,11637562.0,147000000.0,0,22,0,5,13.846153846153847,7.916708843537415,54,84
352.0,Shri Hibi Eden,Kerala,19,16,0,21660186.0,20252776.0,0.0,1018722.0,162177260.11,0,16,2,7,26.842105263157894,0.6281534163969913,54,85
18023.0,BIJULI KALITA MEDHI,Assam,54,21,5,28150000.0,21300000.0,6650000.0,4973108.0,147000000.0,4,19,0,2,10.37037037037037,3.3830666666666667,54,86
18307.0,Piyush Vedprakash Goyal,Maharashtra,16,13,0,28500000.0,26500000.0,0.0,14888010.0,147000000.0,0,13,0,13,32.5,10.127897959183674,52,87
1.0,Shambhu Sharan Patel,Bihar,94,39,68,87664017.0,47497302.0,81370040.0,12610000.0,237168443.49,1,2,0,22,5.4787234042553195,5.316896217068477,51,88
18199.0,LALJI VERMA,Uttar Pradesh,51,40,29,32618406.0,32118406.0,22040232.0,5641067.0,147000000.0,9,11,0,0,10.490196078431373,3.837460544217687,49,89
18021.0,RAKIBUL HUSSAIN,Assam,29,16,4,10450000.0,8000000.0,2000000.0,3069906.0,147000000.0,5,12,2,1,16.724137931034484,2.0883714285714285,49,90
394.0,Shri vijayakumar Vasanth,Tamil Nadu,19,11,0,12850000.0,12850000.0,0.0,6925562.0,171500000.0,6,11,0,4,26.842105263157894,4.038228571428571,48,91
18180.0,ARUN NEHRU,Tamil Nadu,22,1,1,13645000.0,3460000.0,784659.0,13978908.0,147000000.0,0,1,11,1,14.318181818181818,9.509461224489796,48,92
18176.0,SACHITHANANTHAM R,Tamil Nadu,37,20,7,29545582.0,24546328.0,12037363.0,23270088.0,147000000.0,6,14,0,1,13.783783783783784,15.829991836734694,48,93
423.0,Ramprit Mandal,Bihar,40,37,18,37910451.0,39099471.0,17941862.0,0.0,147000000.0,0,22,0,1,11.5,0.0,46,94
53.0,Khiru Mahto,Bihar,98,77,90,47381895.0,47381895.0,71445823.0,2801236.0,235770091.81,6,6,0,8,5.0,1.1881218599420282,46,95
18106.0,SHIVMANGAL SINGH TOMAR,Madhya Pradesh,44,13,28,16400000.0,10400000.0,7818529.0,0.0,147000000.0,9,9,0,0,11.25,0.0,45,96
18058.0,DR. HEMANG JOSHI,Gujarat,40,9,1,9581868.0,10206868.0,300000.0,13986198.0,147000000.0,9,9,0,0,12.375,9.514420408163266,45,97
18183.0,MURASOLI S,Tamil Nadu,36,26,14,43840042.0,42340042.0,18547936.0,6028349.0,147000000.0,2,14,0,5,12.5,4.10091768707483,44,98
21.0,Ajay Bhatt,Uttarakhand,68,0,1,0.0,0.0,251547.0,9739476.0,147000000.0,0,0,0,22,6.470588235294118,6.625493877551021,44,99
18257.0,ABHIJIT GANGOPADHYAY,West Bengal,51,16,12,6997450.0,6997450.0,3986712.7800000003,10268660.0,147000000.0,8,9,0,0,9.019607843137255,6.985482993197278,42,100
103.0,Kavita Patidar,Madhya Pradesh,118,93,95,50081094.0,48681094.0,50826077.0,8874689.0,197118521.35,6,6,0,6,3.8135593220338984,4.5022096042625375,42,101
844.0,Vikramjit Singh Sahney,Punjab,35,12,8,41362432.74,41102846.74,26862432.74,35254832.0,198656208.57,4,4,0,11,12.571428571428571,17.74665501459892,42,102
620.0,Pralhad Venkatesh Joshi,Karnataka,29,16,6,7820363.0,7820363.0,2783796.0,4682370.0,147000000.0,6,12,0,0,15.517241379310345,3.185285714285714,42,103
18019.0,AMARSING TISSO,Assam,49,31,29,36682540.0,35882540.0,23167877.0,8357353.0,147000000.0,4,8,0,7,8.979591836734693,5.685274149659865,42,104
188.0,Jayant Chaudhary,Uttar Pradesh,13,10,3,38091783.0,36792314.0,10219025.0,9150676.0,214074707.67,6,7,0,5,34.61538461538461,4.27452458050576,42,105
145.0,Ghanshyam Tiwari,Rajasthan,34,16,13,17952368.0,14732817.0,13626326.0,7845531.0,196063957.11,3,7,0,9,12.5,4.0015161968797415,41,106
166.0,K.R.N. Rajeshkumar,Tamil Nadu,54,33,31,68643739.0,61150840.0,51967224.0,46630225.0,238513975.53,5,5,0,8,8.055555555555555,19.55031142153551,41,107
18032.0,SUDHAKAR SINGH,Bihar,38,36,22,31040805.0,29551583.0,17168932.0,0.0,185211956.54,3,15,0,0,10.657894736842104,0.0,39,108
743.0,Ganesan Selvam,Tamil Nadu,50,41,27,28741732.0,28741732.0,11631645.0,10385808.0,186508749.11,0,14,0,5,7.6,5.568536623380927,38,109
163.0,R. Girirajan,Tamil Nadu,115,38,33,90647345.0,44942263.0,24992263.0,12326707.0,236312242.52,1,5,0,12,3.260869565217391,5.216279473526109,37,110
147.0,Pramod Tiwari,Rajasthan,66,19,33,38200328.0,19613787.0,36224616.0,21712566.0,196063957.11,4,6,0,6,5.757575757575758,11.074226145409455,36,111
204.0,Kalpana Saini,Uttarakhand,33,9,4,13871014.0,10671014.0,7110552.0,15642991.0,200830405.8,5,5,0,5,11.363636363636363,7.7891547037844,35,112
747.0,Manickam Tagore B,Tamil Nadu,29,15,3,23134619.0,19885018.0,2599395.0,15169429.0,147000000.0,2,13,0,1,12.068965517241379,10.319339455782313,34,113
719.0,Bhagirath Chaudhary,Rajasthan,34,4,6,4749005.0,1990231.0,3177074.0,9080892.0,147000000.0,2,2,0,12,10.294117647058824,6.1774775510204085,34,114
233.0,S. Phangnon Konyak,Nagaland,55,11,24,87500000.0,38500000.0,75500000.0,47214200.0,206563957.11,1,1,2,10,5.545454545454546,22.856940126712118,33,115
18043.0,MANOJ KUMAR,Bihar,26,24,12,22300943.0,22300943.0,12052478.0,5176465.0,147000000.0,3,12,0,0,13.26923076923077,3.521404761904762,33,116
18167.0,BRIJENDRA SINGH OLA,Rajasthan,49,10,18,8500928.0,4712157.0,9489542.0,9297963.0,147000000.0,0,5,0,11,6.530612244897959,6.325144897959184,32,117
740.0,Andimuthu Raja,Tamil Nadu,22,10,0,11594651.0,11594651.0,0.0,11713800.0,147000000.0,0,10,0,6,14.545454545454545,7.968571428571429,32,118
526.0,Y S Avinash Reddy,Andhra Pradesh,71,10,8,20338474.0,4761632.0,5803003.0,11995063.0,156430260.11,6,7,0,0,4.929577464788732,7.667994025941788,32,119
351.0,Shri Kumbakudi Sudhakaran,Kerala,55,10,0,13770233.0,6704098.0,0.0,4807183.0,147000000.0,0,10,0,6,5.818181818181818,3.270192517006803,32,120
541.0,Pradyut Bordoloi,Assam,20,8,4,1800000.0,1600000.0,1894720.0,778755.0,98000000.0,0,8,0,8,16.0,0.7946479591836735,32,121
18313.0,RAJ KUMAR ROAT,Rajasthan,36,8,14,24201381.0,10136887.0,11647452.0,2825231.0,147000000.0,6,6,0,0,9.166666666666666,1.9219258503401362,30,122
18162.0,DAMODAR AGARWAL,Rajasthan,55,0,4,1992229.0,0.0,1996822.0,13949780.0,147000000.0,0,0,0,15,5.454545454545454,9.4896462585034,30,123
18300.0,Bhim Singh,Bihar,93,0,58,26496589.0,0.0,17427867.0,1381297.0,186200000.0,0,0,7,1,2.096774193548387,0.7418351235230934,30,124
203.0,Darshana Singh,Uttar Pradesh,24,15,17,60996883.0,48064883.0,73249650.0,3169509.0,196994373.87,2,2,0,9,12.083333333333334,1.6089337668555013,28,125
410.0,Pradan Baruah,Assam,26,1,3,15400000.0,3600000.0,1747241.0,1784892.0,147000000.0,0,1,6,1,7.3076923076923075,1.214212244897959,28,126
422.0,Dileshwar Kamait,Bihar,37,27,23,35218384.0,32455384.0,27549355.0,2912444.0,150450930.89,0,10,0,4,7.5675675675675675,1.935809890155742,28,127
18328.0,Kangana Ranaut,Himachal Pradesh,96,11,9,12904455.0,7008155.0,2860715.0,11901757.0,147000000.0,4,6,0,2,3.125,8.096433333333334,28,128
457.0,D Ravikumar,Tamil Nadu,48,5,24,15639605.0,4175317.0,4800000.0,11289039.0,197598306.11,5,5,0,1,6.145833333333333,5.713125391730616,27,129
165.0,P. Chidambaram,Tamil Nadu,59,46,46,67959731.0,66811584.0,47840310.0,19255174.0,236312242.52,1,1,0,11,4.661016949152542,8.14819147525561,27,130
18346.0,RAHUL GANDHI,Uttar Pradesh,36,9,2,4699998.0,4699998.0,1000000.0,9339288.0,147000000.0,4,7,0,0,7.777777777777778,6.353257142857142,26,131
18323.0,DR KALGE SHIVAJI BANDAPPA,Maharashtra,23,7,1,14597787.0,8443366.0,999189.0,11803075.0,147000000.0,0,7,0,6,11.304347826086957,8.029302721088435,26,132
196.0,Brij Lal,Uttar Pradesh,121,115,112,24445507.0,21470507.0,10396507.0,6496656.0,196063957.11,3,3,0,5,2.190082644628099,3.3135391612825122,25,133
499.0,Smt Satabdi Roy (Banerjee),West Bengal,23,16,14,10940960.0,10940960.0,9834688.6,574270.0,147000000.0,3,7,0,1,11.521739130434783,0.3906598639455782,25,134
842.0,P. T. Usha,Kerala,31,8,7,15139944.0,11719500.0,7612754.0,13439397.0,196063957.11,3,5,0,3,8.548387096774194,6.854598467815245,25,135
792.0,Jai Prakash,Uttar Pradesh,8,5,2,28685171.0,28685171.0,9711274.0,1466217.0,147000000.0,3,4,0,4,33.125,0.997426530612245,25,136
96.0,Abdul Wahab,Kerala,77,15,34,15914018.0,6135087.0,18338284.0,23275629.0,310898953.29,1,2,0,9,3.311688311688312,7.48655753057135,25,137
18215.0,AWADHESH PRASAD,Uttar Pradesh,54,11,9,16253170.0,14799623.0,11608366.0,13262250.0,147000000.0,4,5,0,1,4.814814814814815,9.021938775510204,24,138
41.0,Faiyaz Ahmad,Bihar,59,37,51,69033528.0,44284728.0,63485570.0,4349178.0,235263957.11,4,5,0,1,4.406779661016949,1.848637612588697,24,139
887.0,Dinesh Sharma,Uttar Pradesh,11,5,1,13426273.0,13426273.0,1508273.0,10492641.0,147000000.0,4,4,0,2,23.636363636363637,7.1378510204081635,24,140
313.0,Shri Tapir Gao,Arunachal Pradesh,51,41,43,43695613.0,43995613.0,44190758.0,2899802.0,147000000.0,0,4,0,8,4.705882352941177,1.9726544217687074,24,141
18095.0,K. C VENUGOPAL,Kerala,20,8,0,20303972.0,10441419.0,0.0,793429.0,147000000.0,0,8,0,3,11.0,0.539747619047619,22,142
18247.0,ARUP CHAKRABORTY,West Bengal,4,4,0,15633815.0,15633815.0,0.0,0.0,147000000.0,4,4,0,1,60.0,0.0,22,143
345.0,Shri NK Premachandran,Kerala,27,18,8,24901354.34,24901354.34,8836876.0,5423481.0,171477994.11,0,10,0,1,8.148148148148149,3.162785422204633,22,144
101.0,Sandosh Kumar P,Kerala,26,8,5,10655936.0,10655936.0,9636034.0,12878566.0,220563957.11,1,7,0,2,8.26923076923077,5.838925891947604,21,145
99.0,John Brittas,Kerala,37,10,23,69996477.0,37716754.0,38184485.0,4402646.0,245063957.11,0,1,0,9,5.405405405405405,1.796529384377735,20,146
517.0,Rajkumar Chahar,Uttar Pradesh,24,17,24,38737158.0,37348334.0,46463149.0,0.0,147000000.0,0,0,0,10,8.333333333333334,0.0,20,147
319.0,Dr Mohammad Jawed,Bihar,72,0,50,26952000.0,0.0,32455000.0,0.0,148669229.11,0,0,5,0,1.7361111111111112,0.0,20,148
18206.0,KRISHNA DEVI SHIVSHANKER PATEL,Uttar Pradesh,166,92,145,24187423.12,24187423.12,33421670.12,3912983.0,147000000.0,4,4,0,0,1.3253012048192772,2.6618931972789115,20,149
18144.0,MALVIKA DEVI,Odisha,61,27,23,17198000.0,11798000.0,9598000.0,4700000.0,147000000.0,4,4,0,0,3.6065573770491803,3.197278911564626,20,150
18217.0,AKSHAYA YADAV,Uttar Pradesh,20,20,20,48855158.0,48855158.0,48853717.0,0.0,147000000.0,0,0,0,9,9.0,0.0,18,151
18425.0,Rekha Sharma,Haryana,21,0,0,0.0,0.0,0.0,9370798.0,98000000.0,0,0,0,9,8.571428571428571,9.562038775510203,18,152
840.0,V. Vijayendra Prasad,Andhra Pradesh,58,38,39,26446176.0,23949768.0,17539135.0,13396604.0,196063957.11,2,2,0,4,3.2758620689655173,6.832772426644408,18,153
18056.0,PARSHOTTAMBHAI RUPALA,Gujarat,26,12,3,5786525.0,5786525.0,1500000.0,6904994.0,147000000.0,0,9,0,0,6.923076923076923,4.697274829931973,18,154
18272.0,KALIPADA SAREN,West Bengal,20,4,14,16074531.0,13789827.0,23437526.0,4881631.0,147000000.0,2,4,0,2,9.5,3.3208374149659865,18,155
190.0,Mithlesh Kumar,Uttar Pradesh,193,191,192,79740928.0,48150928.0,96254928.0,0.0,196063957.11,0,2,0,7,0.9326424870466321,0.0,18,156
92.0,Nirmala Sitharaman,Karnataka,8,0,0,0.0,0.0,0.0,59494660.0,215972051.45,0,0,0,8,20.0,27.54738847020384,16,157
132.0,Manas Ranjan Mangaraj,Odisha,25,3,0,5600000.0,2100000.0,0.0,7315000.0,196063957.11,2,3,0,2,6.8,3.730925412209232,16,158
356.0,Shri Sudheer Gupta,Madhya Pradesh,69,55,54,6794092.0,6644092.0,6744846.0,2234246.0,148988014.83,2,4,0,1,2.463768115942029,1.4996145848035793,16,159
727.0,Om Birla,Rajasthan,21,6,5,8052238.0,5098095.0,4452314.0,9681016.0,163906956.6,2,4,0,1,8.095238095238095,5.906409465966498,16,160
18394.0,V S Matheswaran,Tamil Nadu,27,3,9,20902435.0,4990000.0,7456930.0,4370612.0,162539930.11,3,3,0,0,6.111111111111111,2.6889466465515017,15,161
201.0,Sangeeta Yadav,Uttar Pradesh,22,5,17,46443480.0,46443480.0,69638673.0,4579040.0,196063957.11,1,1,0,5,7.045454545454546,2.3354828023954286,15,162
13.0,Indra Hang Subba,Sikkim,25,12,16,28578159.0,22382164.0,32145262.0,3414723.0,152003923.11,1,2,0,4,6.2,2.2464703082228232,15,163
405.0,Balashowry Vallabbhaneni,Andhra Pradesh,19,6,1,6133559.0,3873283.0,299297.0,4606494.0,147000000.0,1,5,0,1,8.157894736842104,3.1336693877551025,15,164
18045.0,VIJAYLAKSHMI DEVI,Bihar,19,5,9,5770242.0,5770242.0,8934673.0,6737500.0,147000000.0,3,3,0,0,8.68421052631579,4.583333333333333,15,165
18391.0,S SUPONGMEREN JAMIR,Nagaland,36,23,23,49000000.0,49000000.0,49000000.0,29650000.0,147000000.0,0,0,0,7,3.888888888888889,20.170068027210885,14,166
561.0,Ravi Shankar Prasad,Bihar,21,8,17,5144500.0,5144500.0,10843146.0,0.0,147000000.0,2,4,0,0,7.142857142857143,0.0,14,167
148.0,Randeep Singh Surjewala,Rajasthan,62,0,10,16903460.0,0.0,10011251.0,25922516.0,196063957.11,0,0,0,7,2.2580645161290325,13.2214591514423,14,168
18209.0,CHANDAN CHAUHAN,Uttar Pradesh,34,7,0,12578200.0,6575800.0,0.0,9636166.0,147000000.0,0,7,0,0,4.117647058823529,6.555214965986394,14,169
839.0,Gulam Ali,Jammu And Kashmir,151,142,144,63201894.0,43275904.0,83697894.0,1877127.0,196063957.11,0,0,0,6,0.7947019867549668,0.957405444462622,12,170
347.0,Shri Suresh Kodikunnil,Kerala,12,7,5,11070354.0,11070354.0,4119089.0,3343369.0,172429519.11,2,2,0,1,10.833333333333334,1.938977164267984,12,171
18182.0,DR RANI SRI KUMAR,Tamil Nadu,8,6,8,14942527.0,14942527.0,16538049.0,0.0,153060922.82,0,0,0,6,15.0,0.0,12,172
728.0,Rahul Kaswan,Rajasthan,15,0,0,0.0,0.0,0.0,7452354.0,147000000.0,0,0,0,6,8.0,5.069628571428572,12,173
182.0,Radha Mohan Das Agrawal,Uttar Pradesh,13,7,12,29249139.0,29249139.0,35527058.0,3293539.0,203626524.67,0,0,0,6,9.23076923076923,1.617441050637954,12,174
18067.0,SATPAL BRAHAMCHARI,Haryana,37,3,0,1344000.0,1344000.0,0.0,17066795.0,147000000.0,0,3,0,3,3.2432432432432434,11.61006462585034,12,175
32.0,S Niranjan Reddy,Andhra Pradesh,7,4,3,7502410.0,7502410.0,5657203.0,7933906.0,224621383.11,1,1,0,3,16.428571428571427,3.532124097069896,11,176
494.0,Prof SP Singh Baghel,Uttar Pradesh,54,40,40,46682728.0,46682728.0,48736151.0,3084819.0,147000000.0,1,1,0,3,2.1296296296296298,2.0985163265306124,11,177
529.0,Maddila Gurumoorthy,Andhra Pradesh,66,4,9,9499317.0,2434125.0,6201937.0,11117330.0,180399007.0,2,2,0,0,1.6666666666666667,6.162633700084613,10,178
18159.0,BHUPENDER YADAV,Rajasthan,21,2,8,11973563.0,1650000.0,7923634.0,9264468.0,147000000.0,2,2,0,0,5.238095238095238,6.30235918367347,10,179
18168.0,BHAJAN LAL JATAV,Rajasthan,8,0,0,0.0,0.0,0.0,305043.0,147000000.0,0,0,0,5,12.5,0.20751224489795916,10,180
777.0,Mahesh Sharma,Uttar Pradesh,60,28,51,26961651.28,26961651.28,44005367.0,6067318.0,148816284.11,2,2,0,0,1.8333333333333333,4.0770524786892555,10,181
508.0,CN Annadurai,Tamil Nadu,22,17,12,10784912.0,10784912.0,8610000.0,2926837.0,148579509.11,0,5,0,0,4.545454545454546,1.9698793040385754,10,182
18290.0,Chandrakant Damodar Handore,Maharashtra,12,0,0,0.0,0.0,0.0,41794907.0,147000000.0,0,0,0,5,8.333333333333334,28.431909523809523,10,183
18298.0,Madan Rathore,Rajasthan,37,0,5,0.0,0.0,3194499.0,15090326.0,147000000.0,0,0,0,5,2.7027027027027026,10.265527891156463,10,184
18354.0,CHINTAMANI MAHARAJ,Chhattisgarh,102,10,35,9997500.0,9997500.0,14312726.0,14046330.0,147000000.0,0,5,0,0,0.9803921568627451,9.555326530612245,10,185
18229.0,ARUN GOVIL,Uttar Pradesh,12,8,6,6845719.0,6845719.0,5034719.0,1766369.0,147000000.0,2,2,0,0,9.166666666666666,1.2016115646258505,10,186
477.0,Ajay Tamta,Uttarakhand,13,0,1,0.0,0.0,454574.0,1826377.0,147000000.0,0,0,0,5,7.6923076923076925,1.2424333333333335,10,187
18172.0,MANNA LAL RAWAT,Rajasthan,29,3,16,25180812.0,2093000.0,19301903.0,1932927.0,147000000.0,0,3,0,2,3.4482758620689653,1.3149163265306123,10,188
317.0,Smt Veena Devi,Bihar,11,5,11,30000000.0,25000000.0,44761000.0,0.0,147000000.0,0,0,0,5,9.090909090909092,0.0,10,189
18278.0,KAMLESH JANGDE,Chhattisgarh,68,54,59,47668461.0,44571636.0,47018461.0,2751785.0,150384382.11,1,2,0,1,1.3970588235294117,1.8298342962151362,9,190
18321.0,SHOBHANABEN MAHENDRASINH BARAIYA,Gujarat,44,5,18,5096000.0,3096000.0,7092964.0,8400000.0,147000000.0,1,3,0,0,2.159090909090909,5.714285714285714,9,191
673.0,Omprakash Bhupalsinh Alias Pawan Rajenimbalkar,Maharashtra,17,4,2,3848780.0,2099942.0,800000.0,7536086.0,184758519.11,1,2,0,1,5.588235294117647,4.078884176113809,9,192
350.0,Shri Rajmohan Unnithan,Kerala,14,2,1,1600000.0,900000.0,299154.0,1626192.0,156754633.11,0,2,0,2,5.714285714285714,1.03741239907011,8,193
478.0,Mala Rajya Laxmi Shah,Uttarakhand,33,0,4,0.0,0.0,5194642.0,8081402.0,147000000.0,0,0,0,4,2.4242424242424243,5.4975523809523805,8,194
389.0,Shri PP Chaudhary,Rajasthan,9,1,0,2257000.0,2257000.0,0.0,2894695.0,147000000.0,0,1,0,3,8.88888888888889,1.9691802721088436,8,195
162.0,S. Kalyanasundaram,Tamil Nadu,70,25,46,72958665.0,72958665.0,96549904.0,14494306.0,239763792.52,0,0,0,4,1.1428571428571428,6.045243882597891,8,196
758.0,Smt S Jothimani,Tamil Nadu,10,0,2,2102003.0,0.0,1799100.0,810766.0,147000000.0,0,0,2,0,5.0,0.5515414965986395,8,197
18111.0,ANUP SANJAY DHOTRE,Maharashtra,14,3,1,1883603.0,1883603.0,396568.0,9746023.0,147000000.0,0,2,0,2,5.714285714285714,6.629947619047619,8,198
18390.0,AFZAL ANSARI,Uttar Pradesh,44,0,9,29386910.0,0.0,10397814.0,2099279.0,220500000.0,0,0,2,0,1.1363636363636365,0.9520539682539683,8,199
829.0,Smt Sajda Ahmed,West Bengal,23,12,13,4827609.0,4827609.0,5062351.0,1446187.0,147000000.0,0,4,0,0,3.4782608695652173,0.9838006802721089,8,200
18170.0,AMRARAM,Rajasthan,37,0,12,290931.0,0.0,6195636.0,6487481.0,165691544.11,0,0,0,4,2.1621621621621623,3.9153965489591087,8,201
18186.0,Sasikanth Senthil,Tamil Nadu,25,3,3,7248655.0,4830684.0,1588971.0,14652412.0,171500000.0,0,3,0,1,3.2,8.543680466472303,8,202
892.0,S. Jaishankar,Gujarat,17,1,5,4562815.0,4562815.0,2481255.0,7923995.0,171500000.0,1,1,0,1,4.411764705882353,4.620405247813411,7,203
465.0,Swami Sachchidanandhari Sakshi ji Maharaj,Uttar Pradesh,10,9,8,8776638.0,8776638.0,8481816.0,1077000.0,147000000.0,1,1,0,1,7.5,0.7326530612244898,7,204
863.0,P C Mohan,Karnataka,1,1,0,4739506.0,4739506.0,0.0,0.0,159995711.11,1,1,0,1,75.0,0.0,7,205
431.0,Rao Inderjit Singh,Haryana,16,3,3,3300000.0,3600000.0,2800000.0,7875236.0,147000000.0,1,2,0,0,4.6875,5.357303401360544,7,206
585.0,Hasmukh Bhai Soma Bhai Patel,Gujarat,6,2,0,1999505.0,1999505.0,0.0,13422276.0,147000000.0,0,2,0,1,10.0,9.1308,6,207
95.0,A. A. Rahim,Kerala,16,0,3,25717670.0,0.0,8307670.0,16636843.0,220563957.11,0,0,0,3,3.75,7.542865669436121,6,208
341.0,Shri LS Tejasvi Surya,Karnataka,12,4,2,3897342.0,1994484.0,997500.0,4468271.0,147000000.0,0,2,0,1,5.0,3.0396401360544214,6,209
18076.0,DR C N MANJUNATH,Karnataka,66,3,14,23797612.0,1700000.0,8000000.0,4390053.0,147000000.0,0,3,0,0,0.9090909090909091,2.986430612244898,6,210
817.0,Smt Anupriya Patel,Uttar Pradesh,4,0,0,0.0,0.0,0.0,34446064.0,147000000.0,0,0,0,3,15.0,23.432696598639456,6,211
18001.0,GM Harish Balayogi,Andhra Pradesh,19,1,0,3507771.0,3507771.0,0.0,10622004.0,147000000.0,1,1,0,0,2.8947368421052633,7.225853061224489,5,212
18051.0,ROOP KUMARI CHOUDHARY,Chhattisgarh,63,1,42,8691314.0,500000.0,21837688.0,5361700.0,153035414.0,1,1,0,0,0.873015873015873,3.503568134889353,5,213
575.0,C R Patil,Gujarat,26,1,0,500000.0,500000.0,0.0,12047730.0,158532494.36,1,1,0,0,2.1153846153846154,7.59953348910393,5,214
18101.0,RAHUL SINGH LODHI,Madhya Pradesh,57,18,40,10659156.0,6280860.0,11956609.0,6592689.0,163058785.37,1,1,0,0,0.9649122807017544,4.043136335794723,5,215
720.0,Chandra Prakash Joshi,Rajasthan,8,2,6,1652750.0,900000.0,1646423.0,202226.0,147000000.0,1,1,0,0,6.875,0.13756870748299319,5,216
568.0,Vijay Baghel,Chhattisgarh,26,1,7,1000000.0,1000000.0,4490837.0,6124735.0,147000000.0,1,1,0,0,2.1153846153846154,4.166486394557823,5,217
528.0,Lavu Sri Krishna Devarayalu,Andhra Pradesh,3,1,0,416758.0,416758.0,0.0,386057.0,174009663.11,1,1,0,0,18.333333333333332,0.22185951808662172,5,218
225.0,Ranjeet Ranjan,Chhattisgarh,98,2,60,2000000.0,2000000.0,56780789.0,23888671.0,246780257.87,0,0,0,2,0.40816326530612246,9.680138600302532,4,219
18163.0,MURARI LAL MEENA,Rajasthan,23,0,0,0.0,0.0,0.0,10953410.0,147000000.0,0,0,0,2,1.7391304347826086,7.451299319727892,4,220
18164.0,KULDEEP INDORA,Rajasthan,13,0,0,0.0,0.0,0.0,5150481.0,147000000.0,0,0,0,2,3.076923076923077,3.5037285714285717,4,221
18225.0,PUSHPENDRA SAROJ,Uttar Pradesh,337,218,216,19620383.0,16115886.0,15967886.0,7731279.0,147000000.0,0,2,0,0,0.11869436201780416,5.2593734693877545,4,222
18165.0,MANJU SHARMA,Rajasthan,10,3,3,4747255.0,4058307.0,2054213.0,6986454.0,167082901.11,0,1,0,1,4.0,4.181429669694583,4,223
498.0,Dr Sukanta Majumdar,West Bengal,17,2,1,1902957.0,1902957.0,1602957.0,7850327.0,157085364.9,0,1,0,1,2.3529411764705883,4.9974910170641875,4,224
507.0,Ashok Kumar Rawat,Uttar Pradesh,4,0,2,0.0,0.0,48614657.0,72525329.0,147000000.0,0,0,0,2,10.0,49.33695850340136,4,225
492.0,Shri Arun Kumar Sagar,Uttar Pradesh,3,2,2,47808000.0,47808000.0,47808000.0,1800000.0,147000000.0,0,0,0,2,13.333333333333334,1.2244897959183674,4,226
18285.0,Chunnilal Garasiya,Rajasthan,34,0,5,0.0,0.0,5961651.0,24137133.0,147000000.0,0,0,0,2,1.1764705882352942,16.419818367346938,4,227
18333.0,Mahendra Bhatt,Uttarakhand,24,0,0,0.0,0.0,0.0,13525237.0,147000000.0,0,0,0,2,1.6666666666666667,9.20084149659864,4,228
134.0,Ashwini Vaishnaw,Odisha,4,0,0,1500000.0,0.0,0.0,14569117.0,265563957.11,0,0,0,2,10.0,5.486104800722368,4,229
18421.0,Ajay Makan,Karnataka,3,0,0,0.0,0.0,0.0,30306416.0,147000000.0,0,0,0,2,13.333333333333334,20.616609523809522,4,230
18249.0,PARTHA BHOWMICK,West Bengal,2,1,0,700000.0,700000.0,0.0,800000.0,147000000.0,0,1,0,1,20.0,0.5442176870748299,4,231
18327.0,PRANITI SUSHILKUMAR SHINDE,Maharashtra,9,1,0,499880.0,499880.0,0.0,7941644.0,147000000.0,0,1,0,1,4.444444444444445,5.402478911564626,4,232
18308.0,RAVINDRA DATTARAM WAIKAR,Maharashtra,23,1,0,32500000.0,1500000.0,0.0,16086803.0,147000000.0,0,1,0,1,1.7391304347826086,10.943403401360543,4,233
584.0,Vinod Chavda,Gujarat,33,5,4,2461849.0,2461849.0,1811849.0,10078191.0,147000000.0,0,2,0,0,1.2121212121212122,6.855912244897959,4,234
112.0,Dhananjay Bhimrao Mahadik,Maharashtra,24,1,9,13386220.0,999000.0,10425609.0,12412730.0,220383643.11,0,0,0,2,1.6666666666666667,5.6323281641208,4,235
155.0,P. Wilson,Tamil Nadu,2,0,0,0.0,0.0,0.0,9998159.0,89248285.42,0,0,0,2,20.0,11.20263426120618,4,236
18169.0,MAHIMA KUMARI MEWAR,Rajasthan,20,0,1,0.0,0.0,799520.0,13537209.0,183892143.0,0,0,0,2,2.0,7.361493960076369,4,237
661.0,Amol Ramsing Kolhe,Maharashtra,24,2,2,15880568.0,899415.0,0.0,4586697.0,147000000.0,0,2,0,0,1.6666666666666667,3.1202020408163262,4,238
755.0,Thalikkottai Rajuthevar Baalu,Tamil Nadu,23,0,2,0.0,0.0,9997742.0,24283861.0,196905535.11,0,0,0,2,1.7391304347826086,12.33274675921831,4,239
18108.0,DR. LATA WANKHEDE,Madhya Pradesh,84,4,48,12297630.0,6722630.0,31817878.0,6123903.0,147000000.0,0,0,0,2,0.47619047619047616,4.165920408163265,4,240
843.0,Ashok Kumar Mittal,Punjab,23,0,5,997135.0,0.0,6969527.0,8399075.0,222487632.14,0,0,0,2,1.7391304347826086,3.775075009434635,4,241
885.0,Sadanand Mhalu Shet Tanavade,Goa,3,1,1,10025896.99,4008840.0,2767056.99,0.0,171500000.0,0,1,0,1,13.333333333333334,0.0,4,242
18158.0,DR DHARAMVIRA GANDHI,Punjab,58,4,4,530000.0,530000.0,530000.0,7363758.0,147000000.0,0,0,0,2,0.6896551724137931,5.009359183673469,4,243
198.0,Ramji,Uttar Pradesh,234,147,150,63391984.0,48958984.0,80371975.0,7926232.0,174518577.11,0,0,0,2,0.17094017094017094,4.54176978248227,4,244
571.0,Shripad Yesso Naik,Goa,4,1,0,2760000.0,2500000.0,0.0,61425.0,147000000.0,0,1,0,1,10.0,0.04178571428571428,4,245
18210.0,VIRENDRA SINGH,Uttar Pradesh,7,0,2,0.0,0.0,19276000.0,4668255.0,147000000.0,0,0,0,1,2.857142857142857,3.175683673469388,2,246
18233.0,PRAVEEN PATEL,Uttar Pradesh,2,0,0,0.0,0.0,0.0,22819274.0,151559884.09,0,0,0,1,10.0,15.056275700533892,2,247
18242.0,RAMBHUAL NISHAD,Uttar Pradesh,8,0,3,15852234.0,0.0,29778266.0,10307139.0,151231957.11,0,0,0,1,2.5,6.815450382952462,2,248
18241.0,RAKESH RATHOR,Uttar Pradesh,23,1,13,19041868.0,1316609.0,18632428.0,2833961.0,147000000.0,0,1,0,0,0.8695652173913043,1.9278646258503402,2,249
18296.0,Syed Naseer Hussain,Karnataka,6,0,0,0.0,0.0,0.0,8143106.0,147000000.0,0,0,0,1,3.3333333333333335,5.539527891156463,2,250
18404.0,CHANDRA SHEKHAR,Uttar Pradesh,266,91,157,30242007.0,23986503.0,46830445.0,2923271.0,147000000.0,0,0,0,1,0.07518796992481203,1.9886197278911566,2,251
18435.0,Rajathi,Tamil Nadu,11,0,0,0.0,0.0,0.0,14987106.0,89248285.42,0,0,0,1,1.8181818181818181,16.792598232527478,2,252
102.0,Jebi Mather Hisham,Kerala,23,0,4,2000000.0,0.0,7457339.0,16964490.0,220563957.11,0,0,0,1,0.8695652173913043,7.691415325641551,2,253
18403.0,Mayankkumar Nayak,Gujarat,40,0,0,0.0,0.0,0.0,11703169.0,147000000.0,0,0,0,1,0.5,7.961339455782312,2,254
18431.0,Kanad Purkayastha,Assam,19,0,0,0.0,0.0,0.0,22019134.0,98000000.0,0,0,0,1,1.0526315789473684,22.468504081632652,2,255
234.0,Raghav Chadha,Punjab,5,0,3,2132378.0,0.0,2132378.0,27471934.0,237229207.25,0,0,0,1,4.0,11.580333770221289,2,256
428.0,Santosh Pandey,Chhattisgarh,63,1,14,3899375.0,2499475.0,7439363.0,14837925.0,147000000.0,0,0,0,1,0.31746031746031744,10.093826530612244,2,257
18228.0,PRIYA SAROJ,Uttar Pradesh,368,1,260,14046692.0,3646225.0,11890832.0,16857101.0,147000000.0,0,0,0,1,0.05434782608695652,11.467415646258504,2,258
18282.0,Dorjee Tshering Lepcha,Sikkim,54,0,46,35546595.0,0.0,37596698.0,6996346.0,150170726.11,0,0,0,1,0.37037037037037035,4.658927995643557,2,259
18305.0,E.T. MOHAMMED BASHEER,Kerala,16,0,0,0.0,0.0,0.0,7711285.0,163895872.11,0,0,0,1,1.25,4.704990370242217,2,260
18329.0,Haris Beeran,Kerala,12,0,0,5500000.0,0.0,0.0,7738324.0,122500000.0,0,0,0,1,1.6666666666666667,6.316999183673469,2,261
18304.0,Harsh Mahajan,Himachal Pradesh,96,0,43,10649409.0,0.0,11758713.0,9599006.0,147000000.0,0,0,0,1,0.20833333333333334,6.529936054421769,2,262
18299.0,Sagarika Ghose,West Bengal,1,0,0,0.0,0.0,0.0,27499209.0,147000000.0,0,0,0,1,20.0,18.706944897959183,2,263
384.0,Shri Arjun Ram Meghwal,Rajasthan,22,1,4,18598759.0,1000000.0,6386231.0,5033053.0,147000000.0,0,1,0,0,0.9090909090909091,3.423845578231292,2,264
380.0,Shri Amar Singh,Punjab,31,0,0,0.0,0.0,0.0,3782473.0,147000000.0,0,0,0,1,0.6451612903225806,2.5731108843537416,2,265
18197.0,BIPLAB KUMAR DEB,Tripura,7,0,0,0.0,0.0,0.0,10938765.0,147000000.0,0,0,0,1,2.857142857142857,7.441336734693878,2,266
672.0,Nitin Jairam Gadkari,Maharashtra,25,5,9,2835493.0,2835493.0,7131928.0,18708912.0,168195086.11,0,0,0,1,0.8,11.123340421351147,2,267
685.0,Shrirang Appa Barne,Maharashtra,15,8,7,7972256.0,7972256.0,6976030.0,5499930.0,147000000.0,0,1,0,0,1.3333333333333333,3.7414489795918366,2,268
691.0,Smt Raksha Nikhil Khadse,Maharashtra,1,1,1,2999928.0,2999928.0,2974718.0,0.0,153112586.11,0,0,0,1,20.0,0.0,2,269
18350.0,SUKANTA KUMAR PANIGRAHI,Odisha,10,0,0,0.0,0.0,0.0,3624812.0,190712424.11,0,0,0,1,2.0,1.9006690397418806,2,270
18198.0,UJJWAL RAMAN SINGH,Uttar Pradesh,4,0,0,0.0,0.0,0.0,9593571.0,147000000.0,0,0,0,1,5.0,6.526238775510204,2,271
18224.0,RAMESH AWASTHI,Uttar Pradesh,8,1,1,3831541.0,3831541.0,3831541.0,4239094.0,147000000.0,0,0,0,1,2.5,2.8837374149659865,2,272
18193.0,EATALA RAJENDER,Telangana,28,1,0,8404073.0,1500000.0,0.0,8670790.0,327477390.86,0,1,0,0,0.7142857142857143,2.6477522546607966,2,273
18160.0,UMMEDA RAM BENIWAL,Rajasthan,16,0,5,0.0,0.0,4330337.0,5922927.0,147000000.0,0,0,0,1,1.25,4.029202040816326,2,274
722.0,Dushyant Singh,Rajasthan,1,0,0,0.0,0.0,0.0,401413.0,147000000.0,0,0,0,1,20.0,0.2730700680272109,2,275
18201.0,NEERAJ MAURYA,Uttar Pradesh,4,1,2,46470400.0,46470400.0,48844800.0,930275.0,147000000.0,0,0,0,1,5.0,0.6328401360544218,2,276
18337.0,K RADHAKRISHNAN,Kerala,6,1,0,2871509.0,2871509.0,0.0,7932493.0,147000000.0,0,1,0,0,3.3333333333333335,5.396253741496598,2,277
217.0,Mohammed Nadimul Haque,West Bengal,3,0,0,0.0,0.0,0.0,25153249.0,147000000.0,0,0,0,1,6.666666666666667,17.111053741496598,2,278
18365.0,Satnam Singh Sandhu,Chandigarh,8,0,0,1000000.0,0.0,0.0,5853475.0,147000000.0,0,0,0,1,2.5,3.9819557823129252,2,279
224.0,Phulo Devi Netam,Chhattisgarh,8,0,0,0.0,0.0,0.0,5048938.0,49000000.0,0,0,0,1,2.5,10.303955102040817,2,280
220.0,Derek O' Brien,West Bengal,1,0,0,0.0,0.0,0.0,39492524.0,171500000.0,0,0,0,1,20.0,23.027710787172012,2,281
218.0,Dola Sen,West Bengal,4,0,0,0.0,0.0,0.0,36602784.0,171500000.0,0,0,0,1,5.0,21.342731195335276,2,282
18126.0,ADV GOWAAL KAGADA PADAVI,Maharashtra,190,1,0,1199000.0,1199000.0,0.0,32041066.0,147816309.11,0,1,0,0,0.10526315789473684,21.67627252562239,2,283
888.0,Nagendra Ray,West Bengal,3,0,0,0.0,0.0,0.0,16102557.0,171500000.0,0,0,0,1,6.666666666666667,9.389246064139941,2,284
879.0,Narain Dass Gupta,Delhi,9,0,0,0.0,0.0,0.0,17052414.0,160837070.0,0,0,0,1,2.2222222222222223,10.602290877345627,2,285
18138.0,RICHARD VANLALHMANGAIHA,Mizoram,113,27,89,44997115.0,12500000.0,40090000.0,8605000.0,147000000.0,0,1,0,0,0.17699115044247787,5.85374149659864,2,286
852.0,Abu Taher Khan,West Bengal,8,1,1,1500000.0,1500000.0,350852.0,4106265.0,147000000.0,0,1,0,0,2.5,2.793377551020408,2,287
889.0,Babubhai Jesangbhai Desai,Gujarat,62,1,26,1320000.0,570000.0,12346680.0,18328563.0,171500000.0,0,1,0,0,0.3225806451612903,10.687208746355685,2,288
181.0,Laxmikant Bajpayee,Uttar Pradesh,13,0,0,1430468.0,0.0,0.0,16985173.0,196000000.0,0,0,0,1,1.5384615384615385,8.665904591836734,2,289
893.0,Samirul Islam,West Bengal,1,0,0,0.0,0.0,0.0,37711428.0,171500000.0,0,0,0,1,20.0,21.98917084548105,2,290
18393.0,MADHAVANENI RAGHUNANDAN RAO,Telangana,10,1,2,1250000.0,1250000.0,488749.0,6611029.0,147000000.0,0,1,0,0,2.0,4.497298639455782,2,291
176.0,Rajeev Shukla,Chhattisgarh,12,0,1,0.0,0.0,30000000.0,4859974.0,271174394.23,0,0,0,1,1.6666666666666667,1.792195024091379,2,292
866.0,Kalanidhi Veeraswamy,Tamil Nadu,9,0,0,0.0,0.0,0.0,26125006.0,171500000.0,0,0,0,1,2.2222222222222223,15.233239650145771,2,293
18070.0,MIAN ALTAF AHMAD,Jammu And Kashmir,23,0,0,0.0,0.0,0.0,19112426.0,147000000.0,0,0,0,1,0.8695652173913043,13.001650340136054,2,294
18011.0,BASTIPATI NAGARAJU PANCHALINGALA,Andhra Pradesh,45,1,44,2998485.0,2998485.0,8798051.0,0.0,159998515.11,0,1,0,0,0.4444444444444444,0.0,2,295
18053.0,DINESHBHAI MAKWANA,Gujarat,1,0,0,0.0,0.0,0.0,9000000.0,160434965.11,0,0,0,1,20.0,5.609749716235033,2,296
18047.0,MANISH TEWARI,Chandigarh,9,0,0,0.0,0.0,0.0,7207768.0,178351443.75,0,0,0,1,2.2222222222222223,4.041328653388039,2,297
73.0,Birendra Prasad Baishya,Assam,16,0,0,0.0,0.0,0.0,25572904.0,98000000.0,0,0,0,1,1.25,26.094800000000003,2,298
104.0,L. Murugan,Madhya Pradesh,10,0,1,0.0,0.0,1500000.0,18599774.0,147000000.0,0,0,0,1,2.0,12.652907482993198,2,299
18392.0,JITIN PRASADA,Uttar Pradesh,2,0,0,0.0,0.0,0.0,1378381.0,147000000.0,0,0,0,0,0.0,0.937674149659864,0,300
17.0,S. Jagathrakshakan,Tamil Nadu,18,2,6,1996264.0,1996264.0,6348814.0,11699532.0,180589332.34,0,0,0,0,0.0,6.478528852398104,0,301
44.0,Akhilesh Prasad Singh,Bihar,15,0,7,0.0,0.0,10347800.0,9516950.0,186200000.0,0,0,0,0,0.0,5.111143931256714,0,302
18412.0,Rajib Bhattacharjee,Tripura,11,0,0,0.0,0.0,0.0,14419028.0,122500000.0,0,0,0,0,0.0,11.770635102040817,0,303
18377.0,CHHATRA PAL SINGH GANGWAR,Uttar Pradesh,39,0,39,0.0,0.0,25923385.0,0.0,147000000.0,0,0,0,0,0.0,0.0,0,304
18379.0,ABDUL RASHID SHEIKH,Jammu And Kashmir,12,0,0,0.0,0.0,0.0,5294877.0,154773472.11,0,0,0,0,0.0,3.421049439426445,0,305
18395.0,Praveen Khandelwal,Delhi,5,0,0,0.0,0.0,0.0,2642338.0,147470276.0,0,0,0,0,0.0,1.7917766696252742,0,306
18396.0,Harsh Malhotra,Delhi,7,0,0,4381997.0,0.0,0.0,436028.0,147134131.0,0,0,0,0,0.0,0.296347283282626,0,307
18397.0,Bansuri Swaraj,Delhi,21,0,2,0.0,0.0,1022450.0,6537234.0,154306950.0,0,0,0,0,0.0,4.23651300216873,0,308
171.0,Ravi Chandra Vaddiraju,Telangana,59,0,10,0.0,0.0,4580679.0,27266891.0,152732534.11,0,0,0,0,0.0,17.85270647075234,0,309
108.0,Anil Sukhdeorao Bonde,Maharashtra,39,0,11,17214348.0,0.0,13456284.0,26922765.0,196063957.11,0,0,0,0,0.0,13.731623801153422,0,310
113.0,Imran Pratapgarhi,Maharashtra,10,0,1,0.0,0.0,1999834.0,11038903.0,196000000.0,0,0,0,0,0.0,5.632093367346939,0,311
116.0,Sanjay Raut,Maharashtra,12,0,1,9800000.0,0.0,1463459.0,15407319.0,196063957.11,0,0,0,0,0.0,7.858312780740142,0,312
18381.0,Renuka Chowdhury,Telangana,7,0,0,0.0,0.0,0.0,3061296.0,147000000.0,0,0,0,0,0.0,2.0825142857142858,0,313
18382.0,Mamata Thakur,West Bengal,15,0,3,0.0,0.0,1256419.0,7255152.0,147000000.0,0,0,0,0,0.0,4.9354775510204085,0,314
18383.0,Samik Bhattacharya,West Bengal,11,0,0,0.0,0.0,0.0,15719550.0,147000000.0,0,0,0,0,0.0,10.69357142857143,0,315
18384.0,SELVARAJ V,Tamil Nadu,10,0,0,0.0,0.0,0.0,10737532.0,147000000.0,0,0,0,0,0.0,7.304443537414966,0,316
18385.0,Sarfraz Ahmad,Jharkhand,30,0,0,0.0,0.0,0.0,11472440.0,178564551.09,0,0,0,0,0.0,6.42481384461223,0,317
18387.0,Ratanjit Pratap Narain Singh,Uttar Pradesh,12,0,0,0.0,0.0,0.0,4043983.0,147000000.0,0,0,0,0,0.0,2.7510088435374147,0,318
18388.0,VAMSI KRISHNA GADDAM,Telangana,2,0,0,0.0,0.0,0.0,999768.0,148451721.11,0,0,0,0,0.0,0.6734633943780215,0,319
18052.0,CAPTAIN VIRIATO FERNANDES,Goa,2,0,0,0.0,0.0,0.0,233484.0,147000000.0,0,0,0,0,0.0,0.1588326530612245,0,320
18054.0,HARIBHAI PATEL,Gujarat,62,0,0,0.0,0.0,0.0,12691616.0,147000000.0,0,0,0,0,0.0,8.63375238095238,0,321
18055.0,RAJPALSINH MAHENDRASINH JADAV,Gujarat,37,0,0,0.0,0.0,0.0,7438912.0,147000000.0,0,0,0,0,0.0,5.060484353741496,0,322
18022.0,Shri Sarbananda Sonowal (18LS),Assam,8,0,0,0.0,0.0,0.0,4855576.0,147000000.0,0,0,0,0,0.0,3.303112925170068,0,323
18024.0,GAURAV GOGOI,Assam,66,0,0,7649156.0,0.0,0.0,3625355.0,147000000.0,0,0,0,0,0.0,2.4662278911564623,0,324
18025.0,KAMAKHYA PRASAD TASA,Assam,24,0,0,0.0,0.0,0.0,11249588.0,147000000.0,0,0,0,0,0.0,7.652780952380953,0,325
18026.0,JOYANTA BASUMATARY,Assam,8,0,0,0.0,0.0,0.0,7330000.0,147000000.0,0,0,0,0,0.0,4.98639455782313,0,326
18028.0,PARIMAL SUKLABAIDYA,Assam,1,0,0,0.0,0.0,0.0,125000.0,148300157.11,0,0,0,0,0.0,0.0842885148849051,0,327
18029.0,RANJIT DUTTA,Assam,19,0,1,0.0,0.0,500000.0,5354600.0,147000000.0,0,0,0,0,0.0,3.6425850340136052,0,328
18030.0,SUDAMA PRASAD,Bihar,1,0,0,0.0,0.0,0.0,168150.0,147000000.0,0,0,0,0,0.0,0.11438775510204081,0,329
18031.0,ABHAY KUMAR SINHA,Bihar,92,40,61,28935208.0,19965208.0,29915554.0,593215.0,147000000.0,0,0,0,0,0.0,0.4035476190476191,0,330
18033.0,JITAN RAM MANJHI,Bihar,3,0,0,0.0,0.0,0.0,1639470.0,147000000.0,0,0,0,0,0.0,1.1152857142857142,0,331
18034.0,CHIRAG PASWAN,Bihar,8,0,0,0.0,0.0,0.0,7907499.0,147000000.0,0,0,0,0,0.0,5.379251020408163,0,332
18035.0,SURENDRA PRASAD YADAV,Bihar,2,0,0,0.0,0.0,0.0,2565739.0,155325714.0,0,0,0,0,0.0,1.6518443301667358,0,333
18036.0,ARUN BHARTI,Bihar,142,0,0,0.0,0.0,0.0,33244919.0,194924621.11,0,0,0,0,0.0,17.055269268031154,0,334
18037.0,RAJA RAM SINGH,Bihar,5,0,0,0.0,0.0,0.0,2546694.0,147000000.0,0,0,0,0,0.0,1.7324448979591838,0,335
18044.0,DEVESH CHANDRA THAKUR,Bihar,9,0,0,0.0,0.0,0.0,3667616.0,163809205.11,0,0,0,0,0.0,2.2389559839064894,0,336
18008.0,Dr Chandra Sekhar Pemmasani,Andhra Pradesh,19,0,0,0.0,0.0,0.0,13457376.0,159774113.11,0,0,0,0,0.0,8.422751181685467,0,337
18009.0,B K PARTHASARATHI,Andhra Pradesh,7,0,0,0.0,0.0,0.0,9426746.0,160491894.11,0,0,0,0,0.0,5.8736586369520785,0,338
18010.0,TANGELLA UDAY SRINIVAS,Andhra Pradesh,5,0,0,0.0,0.0,0.0,4034824.0,199417886.76,0,0,0,0,0.0,2.0233009513614606,0,339
18014.0,PRABHAKAR REDDY VEMIREDDY,Andhra Pradesh,23,0,0,0.0,0.0,0.0,13097288.0,147000000.0,0,0,0,0,0.0,8.909719727891156,0,340
18016.0,Sivanath Kesineni,Andhra Pradesh,1,0,0,0.0,0.0,0.0,1642866.0,147000000.0,0,0,0,0,0.0,1.117595918367347,0,341
18017.0,Sribharat MathuKumli,Andhra Pradesh,10,0,0,0.0,0.0,0.0,6472768.0,164841922.0,0,0,0,0,0.0,3.926651619604387,0,342
18018.0,Appalanaidu Kalisetti,Andhra Pradesh,11,0,0,0.0,0.0,0.0,5399439.0,147000000.0,0,0,0,0,0.0,3.6730877551020407,0,343
18020.0,PHANI BHUSAN CHOUDHURY,Assam,19,0,0,0.0,0.0,0.0,6449618.0,147000000.0,0,0,0,0,0.0,4.387495238095238,0,344
859.0,Kalyan Banerjee,West Bengal,41,0,28,10564944.0,0.0,16535103.0,4199946.0,147000000.0,0,0,0,0,0.0,2.8571061224489798,0,345
867.0,Sudip Bandyopadhyay,West Bengal,1,0,0,0.0,0.0,0.0,1776030.0,147000000.0,0,0,0,0,0.0,1.2081836734693878,0,346
870.0,D M Kathir Anand,Tamil Nadu,15,0,0,0.0,0.0,0.0,15916317.0,160196941.11,0,0,0,0,0.0,9.93546873599227,0,347
878.0,Sanjay Singh,Delhi,6,0,0,0.0,0.0,0.0,4117416.0,184466426.11,0,0,0,0,0.0,2.2320679631667635,0,348
18048.0,MAHESH KASHYAP,Chhattisgarh,69,0,6,35231459.0,0.0,4338750.0,6282789.0,147000000.0,0,0,0,0,0.0,4.27400612244898,0,349
18049.0,TOKHAN SAHU,Chhattisgarh,40,0,15,0.0,0.0,8776951.0,14721340.0,147000000.0,0,0,0,0,0.0,10.014517006802722,0,350
18050.0,BHOJRAJ NAG,Chhattisgarh,3,0,0,0.0,0.0,0.0,3432900.0,164672734.11,0,0,0,0,0.0,2.0846802711776506,0,351
18057.0,MUKESHKUMAR CHANDRAKAANT DALAL,Gujarat,14,0,0,0.0,0.0,0.0,2325632.0,147000000.0,0,0,0,0,0.0,1.5820625850340138,0,352
18059.0,DHAVAL LAXMANBHAI PATEL,Gujarat,8,0,0,0.0,0.0,0.0,3995324.0,147000000.0,0,0,0,0,0.0,2.7179074829931973,0,353
18060.0,VARUN CHAUDHRY,Haryana,13,0,0,0.0,0.0,0.0,5871913.0,255454264.0,0,0,0,0,0.0,2.2986161624610815,0,354
18062.0,JAI PARKASH,Haryana,78,0,2,0.0,0.0,259000.0,17931857.0,147000000.0,0,0,0,0,0.0,12.198542176870749,0,355
880.0,Manoj Tiwari,Delhi,2,0,0,1949850.0,0.0,0.0,0.0,225843858.0,0,0,0,0,0.0,0.0,0,356
891.0,Kesridevsinh Jhala,Gujarat,27,0,1,2500000.0,0.0,189750.0,15672116.0,171500000.0,0,0,0,0,0.0,9.138260058309038,0,357
834.0,Lahar Singh Siroya,Karnataka,2,0,0,0.0,0.0,0.0,2991646.0,206278088.11,0,0,0,0,0.0,1.4502975218602339,0,358
18063.0,MANOHAR LAL,Haryana,2,0,0,0.0,0.0,0.0,5946396.0,147000000.0,0,0,0,0,0.0,4.045167346938776,0,359
18064.0,NAVEEN JINDAL,Haryana,36,0,23,0.0,0.0,7438845.0,4617770.0,147000000.0,0,0,0,0,0.0,3.141340136054422,0,360
18066.0,SELJA,Haryana,43,0,1,0.0,0.0,500000.0,8877484.0,147000000.0,0,0,0,0,0.0,6.039104761904762,0,361
18069.0,RAJEEV BHARDWAJ,Himachal Pradesh,49,0,23,0.0,0.0,6057204.0,4087814.0,179388967.11,0,0,0,0,0.0,2.2787432615593253,0,362
18071.0,KALI CHARAN SINGH,Jharkhand,60,0,0,0.0,0.0,0.0,14018074.0,147000000.0,0,0,0,0,0.0,9.536104761904763,0,363
18072.0,DULU MAHATO,Jharkhand,2,0,0,0.0,0.0,0.0,619000.0,147000000.0,0,0,0,0,0.0,0.4210884353741497,0,364
18039.0,RAJESH VERMA,Bihar,15,0,10,4985000.0,0.0,11405733.0,0.0,147000000.0,0,0,0,0,0.0,0.0,0,365
18040.0,RAJ BHUSHAN CHOUDHARY,Bihar,3,0,3,0.0,0.0,10745598.0,0.0,147000000.0,0,0,0,0,0.0,0.0,0,366
18042.0,SHAMBHAVI,Bihar,17,0,0,0.0,0.0,0.0,12148390.0,147000000.0,0,0,0,0,0.0,8.26421088435374,0,367
18107.0,ANITA NAGARSINGH CHOUHAN,Madhya Pradesh,28,0,15,0.0,0.0,8999551.0,7471577.0,147000000.0,0,0,0,0,0.0,5.082705442176871,0,368
18075.0,SUKHDEO BHAGAT,Jharkhand,58,0,18,0.0,0.0,23689500.0,8000000.0,171821957.11,0,0,0,0,0.0,4.6559823520566805,0,369
18077.0,JAGADISH SHETTAR,Karnataka,13,0,0,0.0,0.0,0.0,4974692.0,147000000.0,0,0,0,0,0.0,3.3841442176870746,0,370
18078.0,E. TUKARAM,Karnataka,3,0,0,0.0,0.0,0.0,4460785.0,147000000.0,0,0,0,0,0.0,3.034547619047619,0,371
18079.0,SAGAR ESHWAR KHANDRE,Karnataka,17,0,0,750000.0,0.0,0.0,5543250.0,147000000.0,0,0,0,0,0.0,3.7709183673469386,0,372
18080.0,SUNIL BOSE,Karnataka,2,0,0,0.0,0.0,0.0,991936.0,147000000.0,0,0,0,0,0.0,0.6747863945578231,0,373
18081.0,DR.K.SUDHAKAR,Karnataka,6,0,0,0.0,0.0,0.0,1366198.0,147000000.0,0,0,0,0,0.0,0.9293863945578231,0,374
18082.0,GOVIND MAKTHAPPA KARJOL,Karnataka,21,0,0,0.0,0.0,0.0,8278427.0,147000000.0,0,0,0,0,0.0,5.631582993197279,0,375
18083.0,CAPTAIN BRIJESH CHOWTA,Karnataka,26,0,1,0.0,0.0,498500.0,12371214.0,147000000.0,0,0,0,0,0.0,8.415791836734694,0,376
18084.0,DR. PRABHA MALLIKARJUN,Karnataka,8,0,1,0.0,0.0,2500000.0,4994696.0,147000000.0,0,0,0,0,0.0,3.3977523809523813,0,377
18086.0,SHREYAS. M. PATEL,Karnataka,17,0,0,0.0,0.0,0.0,5303635.0,147000000.0,0,0,0,0,0.0,3.6079149659863945,0,378
18087.0,BASAVARAJ BOMMAI,Karnataka,11,0,1,0.0,0.0,1000000.0,3233573.0,147000000.0,0,0,0,0,0.0,2.199709523809524,0,379
18088.0,M. MALLESH BABU,Karnataka,6,0,0,0.0,0.0,0.0,1246349.0,147065957.11,0,0,0,0,0.0,0.8474762103290675,0,380
18089.0,K. RAJASHEKAR BASAVARAJ HITNAL,Karnataka,23,0,9,0.0,0.0,4478562.0,4006358.0,147000000.0,0,0,0,0,0.0,2.725413605442177,0,381
18090.0,H.D. KUMARASWAMY,Karnataka,8,0,0,0.0,0.0,0.0,2625000.0,147000000.0,0,0,0,0,0.0,1.7857142857142856,0,382
18091.0,YADUVEER KRISHNADATTA CHAMARAJA WADIYAR,Karnataka,1,0,0,0.0,0.0,0.0,300000.0,147000000.0,0,0,0,0,0.0,0.20408163265306123,0,383
18120.0,AASHTIKAR PATIL NAGESH BAPURAO,Maharashtra,12,0,0,0.0,0.0,0.0,13760605.0,190289442.0,0,0,0,0,0.0,7.23140751024957,0,384
18121.0,SMITA UDAY WAGH,Maharashtra,8,0,4,12041109.0,0.0,6342704.0,0.0,148107373.11,0,0,0,0,0.0,0.0,0,385
18122.0,KALYAN VAIJINATHRAO KALE,Maharashtra,11,0,0,0.0,0.0,0.0,10013008.0,147000000.0,0,0,0,0,0.0,6.81157006802721,0,386
18123.0,CHHATRAPATI SHAHU SHAHAJI,Maharashtra,16,0,0,0.0,0.0,0.0,16154171.0,147000000.0,0,0,0,0,0.0,10.989231972789115,0,387
18092.0,G. KUMAR NAIK,Karnataka,13,0,0,0.0,0.0,0.0,7818649.0,147000000.0,0,0,0,0,0.0,5.318808843537415,0,388
18093.0,V. SOMANNA,Karnataka,10,0,1,0.0,0.0,2500000.0,8981761.0,147000000.0,0,0,0,0,0.0,6.110041496598639,0,389
18094.0,VISHWESHWAR HEGDE KAGERI,Karnataka,1,0,0,0.0,0.0,0.0,525000.0,147000000.0,0,0,0,0,0.0,0.35714285714285715,0,390
18096.0,SURESH GOPI,Kerala,2,0,0,0.0,0.0,0.0,2820506.0,147000000.0,0,0,0,0,0.0,1.9187115646258504,0,391
18097.0,SHAFI PARAMBIL,Kerala,12,0,0,0.0,0.0,0.0,2706289.0,147000000.0,0,0,0,0,0.0,1.8410129251700682,0,392
18098.0,BHARTI PARDHI,Madhya Pradesh,4,0,1,0.0,0.0,1000000.0,1436797.0,154398389.01,0,0,0,0,0.0,0.9305777147110922,0,393
18099.0,ALOK SHARMA,Madhya Pradesh,10,0,0,0.0,0.0,0.0,8658794.0,147000000.0,0,0,0,0,0.0,5.890336054421769,0,394
18100.0,BUNTY VIVEK SAHU,Madhya Pradesh,51,0,32,0.0,0.0,6649130.0,6388049.0,147000000.0,0,0,0,0,0.0,4.34561156462585,0,395
18102.0,SAVITRI THAKUR,Madhya Pradesh,70,0,65,0.0,0.0,20221050.0,1500000.0,147000000.0,0,0,0,0,0.0,1.0204081632653061,0,396
18103.0,BHARAT SINGH KUSHWAH,Madhya Pradesh,25,0,0,0.0,0.0,0.0,8486219.0,151455276.04,0,0,0,0,0.0,5.603118770031328,0,397
18104.0,DARSHAN SINGH CHOUDHARY,Madhya Pradesh,53,0,0,0.0,0.0,0.0,5468777.0,147000000.0,0,0,0,0,0.0,3.720256462585034,0,398
18105.0,ASHISH DUBEY,Madhya Pradesh,6,0,0,0.0,0.0,0.0,2305382.0,147000000.0,0,0,0,0,0.0,1.568287074829932,0,399
18109.0,DR. RAJESH MISHRA,Madhya Pradesh,126,0,86,33745665.0,0.0,28774935.0,7857861.0,262724510.35,0,0,0,0,0.0,2.990912796652206,0,400
18110.0,NILESH DNYANDEV LANKE,Maharashtra,4,0,0,0.0,0.0,0.0,5948131.0,147000000.0,0,0,0,0,0.0,4.046347619047619,0,401
18113.0,BHUMARE SANDIPANRAO ASARAM,Maharashtra,9,0,0,0.0,0.0,0.0,10351192.0,147000000.0,0,0,0,0,0.0,7.041627210884354,0,402
853.0,Khagen Murmu,West Bengal,1,0,0,0.0,0.0,0.0,1399456.0,147000000.0,0,0,0,0,0.0,0.9520108843537415,0,403
856.0,Rajnath Singh,Uttar Pradesh,39,0,15,0.0,0.0,13658911.0,24735118.0,154808797.11,0,0,0,0,0.0,15.977850394654485,0,404
794.0,Kirti Vardhan Singh,Uttar Pradesh,33,0,14,0.0,0.0,12055979.0,9033488.0,147000000.0,0,0,0,0,0.0,6.145229931972789,0,405
797.0,Mukesh Rajput,Uttar Pradesh,147,0,147,5099260.0,0.0,35957104.0,0.0,147000000.0,0,0,0,0,0.0,0.0,0,406
799.0,Pankaj Chowdhary,Uttar Pradesh,23,0,19,0.0,0.0,41543552.0,3372732.0,147000000.0,0,0,0,0,0.0,2.2943755102040817,0,407
814.0,Bhola Singh,Uttar Pradesh,28,0,27,0.0,0.0,36715194.0,150000.0,147000000.0,0,0,0,0,0.0,0.10204081632653061,0,408
815.0,Ram Shiromani,Uttar Pradesh,55,0,0,0.0,0.0,0.0,14754674.0,151746878.11,0,0,0,0,0.0,9.723214199704632,0,409
18114.0,BAJRANG MANOHAR SONWANE,Maharashtra,10,0,0,0.0,0.0,0.0,9661859.0,165899107.19,0,0,0,0,0.0,5.823936706865167,0,410
18115.0,DR. PRASHANT YADAORAO PADOLE,Maharashtra,11,0,0,0.0,0.0,0.0,8289500.0,159680283.39,0,0,0,0,0.0,5.191310927069116,0,411
18116.0,BALYA MAMA SURESH GOPINATH MHATRE,Maharashtra,31,0,0,0.0,0.0,0.0,25628984.0,147000000.0,0,0,0,0,0.0,17.434682993197278,0,412
18117.0,BACHHAV SHOBHA DINESH,Maharashtra,9,2,2,2000000.0,2000000.0,2000000.0,6814637.0,147000000.0,0,0,0,0,0.0,4.635807482993197,0,413
18118.0,BHASKAR MURLIDHAR BHAGARE,Maharashtra,8,0,0,0.0,0.0,0.0,6533825.0,147000000.0,0,0,0,0,0.0,4.444778911564626,0,414
18119.0,DR. KIRSAN NAMDEO,Maharashtra,9,0,0,0.0,0.0,0.0,7113041.0,147000000.0,0,0,0,0,0.0,4.838803401360544,0,415
18156.0,CHARANJIT SINGH CHANNI,Punjab,12,0,0,0.0,0.0,0.0,1444158.0,147000000.0,0,0,0,0,0.0,0.9824204081632654,0,416
18157.0,AMRINDER SINGH RAJA WARRING,Punjab,21,0,1,0.0,0.0,285411.0,3757801.0,147000000.0,0,0,0,0,0.0,2.5563272108843536,0,417
18124.0,GAIKWAD VARSHA EKNATH,Maharashtra,5,0,0,0.0,0.0,0.0,8843091.0,147000000.0,0,0,0,0,0.0,6.015708163265306,0,418
18127.0,RAJABHAU,Maharashtra,21,0,0,0.0,0.0,0.0,20325958.0,152878682.11,0,0,0,0,0.0,13.295482221239302,0,419
18128.0,DR. HEMANT VISHNU SAVARA,Maharashtra,9,0,0,0.0,0.0,0.0,6436299.0,147000000.0,0,0,0,0,0.0,4.378434693877551,0,420
18129.0,MURLIDHAR MOHOL,Maharashtra,4,0,0,0.0,0.0,0.0,3982771.0,147000000.0,0,0,0,0,0.0,2.7093680272108847,0,421
18130.0,Shyamkumar,Maharashtra,5,0,0,0.0,0.0,0.0,4159833.0,147000000.0,0,0,0,0,0.0,2.829818367346939,0,422
18131.0,NARAYAN TATU RANE,Maharashtra,13,0,0,0.0,0.0,0.0,7761736.0,147000000.0,0,0,0,0,0.0,5.2800925170068025,0,423
18132.0,VISHAL,Maharashtra,13,0,0,0.0,0.0,0.0,12843832.0,147000000.0,0,0,0,0,0.0,8.737300680272108,0,424
18133.0,SHRIMANT CHH UDAYANRAJE PRATAPSINHAMAHARAJ BHONSLE,Maharashtra,51,0,0,43198677.0,0.0,0.0,4600150.0,147000000.0,0,0,0,0,0.0,3.129353741496599,0,425
18134.0,BHAUSAHEB RAJARAM WAKCHAURE,Maharashtra,14,0,0,0.0,0.0,0.0,7453374.0,147000000.0,0,0,0,0,0.0,5.070322448979592,0,426
18136.0,AMAR SHARADRAO KALE,Maharashtra,5,0,0,0.0,0.0,0.0,3612488.0,147000000.0,0,0,0,0,0.0,2.457474829931973,0,427
18137.0,ANDREW J. SYNGKON,Meghalaya,48,0,8,0.0,0.0,2200000.0,9775000.0,98000000.0,0,0,0,0,0.0,9.974489795918368,0,428
18139.0,PRADEEP PUROHIT,Odisha,20,0,0,0.0,0.0,0.0,5151926.0,147000000.0,0,0,0,0,0.0,3.50471156462585,0,429
18141.0,RUDRA NARAYAN PANY,Odisha,5,0,0,0.0,0.0,0.0,1895329.0,155013957.11,0,0,0,0,0.0,1.2226828056876509,0,430
18142.0,BIBHU PRASAD TARAI,Odisha,20,0,0,0.0,0.0,0.0,9660109.0,147000000.0,0,0,0,0,0.0,6.571502721088435,0,431
18145.0,BAIJAYANT PANDA,Odisha,10,0,0,0.0,0.0,0.0,8119164.0,147000000.0,0,0,0,0,0.0,5.523240816326531,0,432
18146.0,ANANTA NAYAK,Odisha,19,0,0,0.0,0.0,0.0,3179156.0,147000000.0,0,0,0,0,0.0,2.1626911564625853,0,433
18147.0,NABA CHARAN MAJHI,Odisha,20,0,0,0.0,0.0,0.0,14720076.0,147563957.11,0,0,0,0,0.0,9.975387139440205,0,434
18148.0,BALABHADRA MAJHI,Odisha,22,0,0,0.0,0.0,0.0,8655475.0,147413962.11,0,0,0,0,0.0,5.87154356080688,0,435
818.0,Smt Dimple Yadav,Uttar Pradesh,27,0,0,0.0,0.0,0.0,3797308.0,192042469.11,0,0,0,0,0.0,1.9773272118392415,0,436
819.0,Smt Hema Malini,Uttar Pradesh,14,0,11,0.0,0.0,15175041.0,1558300.0,147000000.0,0,0,0,0,0.0,1.0600680272108844,0,437
825.0,Prasun Banerjee,West Bengal,39,0,4,0.0,0.0,2988843.0,10254727.0,147000000.0,0,0,0,0,0.0,6.976004761904762,0,438
827.0,Shatrughan Sinha,West Bengal,1,0,0,0.0,0.0,0.0,3516250.0,147000000.0,0,0,0,0,0.0,2.3920068027210886,0,439
828.0,Jagannath Sarkar,West Bengal,41,0,12,13882130.0,0.0,4572802.0,793627.0,147000000.0,0,0,0,0,0.0,0.5398823129251701,0,440
746.0,Kani K Navas,Tamil Nadu,16,0,3,0.0,0.0,2598822.0,11503384.0,147000000.0,0,0,0,0,0.0,7.825431292517007,0,441
751.0,S Venkatesan,Tamil Nadu,19,0,1,2500000.0,0.0,2500000.0,16652857.0,147000000.0,0,0,0,0,0.0,11.328474149659865,0,442
756.0,Thirumaa Valavan Thol,Tamil Nadu,8,0,0,0.0,0.0,0.0,11594969.0,147000000.0,0,0,0,0,0.0,7.887734013605442,0,443
18149.0,SAMBIT PATRA,Odisha,11,0,0,0.0,0.0,0.0,4262683.0,147000000.0,0,0,0,0,0.0,2.8997843537414965,0,444
18150.0,DHARMENDRA PRADHAN,Odisha,6,0,0,0.0,0.0,0.0,7967713.0,147000000.0,0,0,0,0,0.0,5.420212925170068,0,445
18153.0,SHER SINGH GHUBAYA,Punjab,125,55,106,12843812.0,12843812.0,25667802.0,4398707.0,147000000.0,0,0,0,0,0.0,2.99231768707483,0,446
18154.0,SUKHJINDER SINGH RANDHAWA,Punjab,41,0,1,0.0,0.0,385911.0,10270370.0,147000000.0,0,0,0,0,0.0,6.986646258503401,0,447
723.0,Gajendra Singh Shekhawat,Rajasthan,1,0,0,0.0,0.0,0.0,491827.0,147000000.0,0,0,0,0,0.0,0.33457619047619047,0,448
623.0,Ramesh Chandappa Jigajinagi,Karnataka,37,0,0,0.0,0.0,0.0,9165021.0,269500000.0,0,0,0,0,0.0,3.4007499072356215,0,449
638.0,Virendra Kumar,Madhya Pradesh,40,0,4,0.0,0.0,2235000.0,9307523.0,147000000.0,0,0,0,0,0.0,6.3316482993197285,0,450
640.0,Faggan Singh Kulaste,Madhya Pradesh,74,0,18,3000000.0,0.0,9893235.0,15860864.0,151861648.41,0,0,0,0,0.0,10.444285417723394,0,451
762.0,Asaduddin Owaisi,Telangana,2,0,0,0.0,0.0,0.0,221887.0,147000000.0,0,0,0,0,0.0,0.15094353741496597,0,452
765.0,Kishan Reddy Gangapuram,Telangana,3,0,0,0.0,0.0,0.0,4354322.0,147000000.0,0,0,0,0,0.0,2.96212380952381,0,453
770.0,Sanjay Kumar Bandi,Telangana,16,0,0,0.0,0.0,0.0,4585696.0,172775317.11,0,0,0,0,0.0,2.654138378504869,0,454
787.0,Devendra Alias Bhole Singh,Uttar Pradesh,5,0,0,0.0,0.0,0.0,2489568.0,147000000.0,0,0,0,0,0.0,1.6935836734693879,0,455
791.0,Jagdambika Pal,Uttar Pradesh,9,0,0,0.0,0.0,0.0,3909124.0,160643957.11,0,0,0,0,0.0,2.4334086823591194,0,456
793.0,Kamlesh Paswan,Uttar Pradesh,7,0,0,0.0,0.0,0.0,4782776.0,147000000.0,0,0,0,0,0.0,3.253589115646258,0,457
687.0,Sunil Dattatray Tatkare,Maharashtra,4,0,0,0.0,0.0,0.0,3213485.0,147000000.0,0,0,0,0,0.0,2.186044217687075,0,458
692.0,Smt Supriya Sadanand Sule,Maharashtra,11,0,0,0.0,0.0,0.0,8362994.0,147000000.0,0,0,0,0,0.0,5.6891115646258505,0,459
18166.0,LUMBARAM,Rajasthan,28,0,14,0.0,0.0,10430133.0,5031102.0,147000000.0,0,0,0,0,0.0,3.4225183673469393,0,460
18174.0,GANAPATHY RAJKUMAR P,Tamil Nadu,5,0,0,0.0,0.0,0.0,6178787.0,147370490.11,0,0,0,0,0.0,4.192689455933845,0,461
18175.0,MANI. A.,Tamil Nadu,12,0,0,4310000.0,0.0,0.0,5496686.0,164515071.11,0,0,0,0,0.0,3.3411443480000322,0,462
18143.0,RABINDRA NARAYAN BEHERA,Odisha,9,0,0,0.0,0.0,0.0,2827417.0,147064617.11,0,0,0,0,0.0,1.9225678178491943,0,463
18205.0,SANATAN PANDEY,Uttar Pradesh,103,0,11,38836566.0,0.0,7795092.0,416409.0,180420041.4,0,0,0,0,0.0,0.23079974750521257,0,464
18207.0,TANUJ PUNIA,Uttar Pradesh,2,0,1,0.0,0.0,11953957.0,2730402.0,148198170.11,0,0,0,0,0.0,1.8423992671254714,0,465
18208.0,RAM PRASAD CHAUDHARY,Uttar Pradesh,31,0,26,26847950.0,0.0,37757482.0,6607716.0,204176957.11,0,0,0,0,0.0,3.2362692115350233,0,466
18177.0,K E PRAKASH,Tamil Nadu,34,0,26,13805060.0,0.0,16974305.0,3040000.0,147000000.0,0,0,0,0,0.0,2.068027210884354,0,467
18178.0,MALAIYARASAN D,Tamil Nadu,25,0,25,0.0,0.0,29846094.0,0.0,201599593.0,0,0,0,0,0.0,0.0,0,468
18179.0,SUDHA R,Tamil Nadu,12,0,0,0.0,0.0,0.0,8895889.0,147332315.11,0,0,0,0,0.0,6.037975438964783,0,469
18181.0,ESWARASAMY K,Tamil Nadu,8,0,2,0.0,0.0,1470495.0,8509853.0,162315106.11,0,0,0,0,0.0,5.242797915699184,0,470
18184.0,THANGA TAMILSELVAN,Tamil Nadu,13,0,0,0.0,0.0,0.0,16084765.0,147000000.0,0,0,0,0,0.0,10.94201700680272,0,471
18185.0,ROBERT BRUCE C,Tamil Nadu,9,0,0,0.0,0.0,0.0,14045341.0,147475440.11,0,0,0,0,0.0,9.523850879525272,0,472
18187.0,GODAM NAGESH,Telangana,24,0,0,0.0,0.0,0.0,7801272.0,147000000.0,0,0,0,0,0.0,5.306987755102041,0,473
18188.0,KONDA VISHWESHWAR REDDY,Telangana,38,0,9,4099621.0,0.0,2842749.0,8598835.0,233721420.96,0,0,0,0,0.0,3.679095807598927,0,474
18189.0,RAMASAHAYAM RAGHURAM REDDY,Telangana,21,0,0,0.0,0.0,0.0,10229705.0,147000000.0,0,0,0,0,0.0,6.958982993197278,0,475
18190.0,BALRAM NAIK PORIKA,Telangana,37,0,0,0.0,0.0,0.0,10087583.0,147000000.0,0,0,0,0,0.0,6.862301360544218,0,476
18191.0,ARUNA. D. K,Telangana,12,0,3,0.0,0.0,1099196.0,4860391.0,147000000.0,0,0,0,0,0.0,3.3063884353741497,0,477
18192.0,DR.MALLU RAVI,Telangana,8,0,0,0.0,0.0,0.0,3357536.0,147000000.0,0,0,0,0,0.0,2.2840380952380954,0,478
710.0,Vaithilingam Ve,Puducherry,17,0,6,18624900.0,0.0,8943830.0,7176614.0,209368972.11,0,0,0,0,0.0,3.427735221544428,0,479
18222.0,BABU SINGH KUSHWAHA,Uttar Pradesh,125,0,0,0.0,0.0,0.0,7724892.0,147000000.0,0,0,0,0,0.0,5.255028571428571,0,480
18223.0,IQRA CHOUDHARY,Uttar Pradesh,7,0,0,0.0,0.0,0.0,7642758.0,147000000.0,0,0,0,0,0.0,5.199155102040817,0,481
18194.0,SURESH KUMAR SHETKAR,Telangana,27,0,0,0.0,0.0,0.0,9351030.0,147000000.0,0,0,0,0,0.0,6.361244897959184,0,482
18196.0,KRITI DEVI DEBBARMAN,Tripura,6,0,0,0.0,0.0,0.0,14311480.0,147000000.0,0,0,0,0,0.0,9.73570068027211,0,483
642.0,Ganesh Singh,Madhya Pradesh,60,0,0,0.0,0.0,0.0,11803302.0,147000000.0,0,0,0,0,0.0,8.029457142857142,0,484
644.0,Janardan Mishra,Madhya Pradesh,3,0,0,0.0,0.0,0.0,3025000.0,147000000.0,0,0,0,0,0.0,2.0578231292517004,0,485
650.0,Shankar Lalwani,Madhya Pradesh,8,0,4,0.0,0.0,1709944.0,923710.0,147000000.0,0,0,0,0,0.0,0.6283741496598639,0,486
653.0,Mahendra Singh Solanky,Madhya Pradesh,6,0,0,0.0,0.0,0.0,2740294.0,147000000.0,0,0,0,0,0.0,1.8641455782312923,0,487
654.0,Smt Himadri Singh,Madhya Pradesh,23,4,12,9972040.0,4994040.0,12292440.0,5200000.0,150724861.11,0,0,0,0,0.0,3.449994885850321,0,488
664.0,Arvind Ganpat Sawant,Maharashtra,18,0,0,26374739.0,0.0,0.0,2498104.0,147000000.0,0,0,0,0,0.0,1.6993904761904761,0,489
667.0,Dhairyasheel Sambhajirao Mane,Maharashtra,1,0,0,0.0,0.0,0.0,1000000.0,147000000.0,0,0,0,0,0.0,0.6802721088435374,0,490
574.0,Bharatsinhji Shankarji Dabhi,Gujarat,26,1,3,2300000.0,300000.0,799113.0,6645114.0,147000000.0,0,0,0,0,0.0,4.520485714285714,0,491
18200.0,KISHORI LAL,Uttar Pradesh,12,0,0,0.0,0.0,0.0,7467102.0,171500000.0,0,0,0,0,0.0,4.353995335276968,0,492
18202.0,DHARMENDRA YADAV,Uttar Pradesh,20,0,0,0.0,0.0,0.0,24513567.0,147000000.0,0,0,0,0,0.0,16.67589591836735,0,493
18203.0,ADITYA YADAV,Uttar Pradesh,14,0,10,0.0,0.0,5563478.0,2269225.0,147000000.0,0,0,0,0,0.0,1.5436904761904762,0,494
18204.0,ANAND KUMAR,Uttar Pradesh,29,0,28,0.0,0.0,33310271.0,168820.0,147000000.0,0,0,0,0,0.0,0.11484353741496597,0,495
18211.0,SHASHANK MANI,Uttar Pradesh,37,15,28,26886966.0,15396760.0,29576862.0,4484027.0,147000000.0,0,0,0,0,0.0,3.0503585034013603,0,496
18212.0,ANAND BHADAURIYA,Uttar Pradesh,77,0,75,1000000.0,0.0,21464335.0,400000.0,147000000.0,0,0,0,0,0.0,0.27210884353741494,0,497
18213.0,DEVESH SHAKYA,Uttar Pradesh,106,0,106,0.0,0.0,25527724.0,0.0,147000000.0,0,0,0,0,0.0,0.0,0,498
18214.0,JITENDRA KUMAR DOHARE,Uttar Pradesh,141,0,70,21817092.0,0.0,19282469.0,1538174.0,188747306.26,0,0,0,0,0.0,0.8149382528835462,0,499
578.0,Mansukhbhai Dhanjibhai Vasava,Gujarat,54,0,20,0.0,0.0,6787121.0,9171642.0,147000000.0,0,0,0,0,0.0,6.239212244897959,0,500
579.0,Mitesh Rameshbhai Bakabhai Patel,Gujarat,39,0,8,970351.0,0.0,1820851.0,7747509.0,147000000.0,0,0,0,0,0.0,5.270414285714286,0,501
588.0,Smt Poonamben Hematbhai Maadam,Gujarat,25,0,0,0.0,0.0,0.0,11405484.0,147000000.0,0,0,0,0,0.0,7.758832653061225,0,502
591.0,Krishan Pal Gurjar,Haryana,23,0,0,0.0,0.0,0.0,15823825.0,147000000.0,0,0,0,0,0.0,10.764506802721089,0,503
598.0,Suresh Kumar Kashyap,Himachal Pradesh,35,0,10,5500000.0,0.0,2550000.0,1943398.0,153563957.11,0,0,0,0,0.0,1.2655300348947878,0,504
600.0,Jitendra Singh,Jammu And Kashmir,95,0,8,11963246.0,0.0,1554758.0,6493769.0,147000000.0,0,0,0,0,0.0,4.417529931972789,0,505
618.0,Parvatagouda Chandanagouda Gaddigoudar,Karnataka,16,0,3,0.0,0.0,1496389.0,5597120.0,167541747.11,0,0,0,0,0.0,3.3407315469410706,0,506
522.0,Kinjarapu Ram Mohan Naidu,Andhra Pradesh,22,0,1,0.0,0.0,540500.0,13478303.0,171200630.11,0,0,0,0,0.0,7.872811561113943,0,507
524.0,Midhun Reddy,Andhra Pradesh,58,0,9,3453983.0,0.0,1527405.0,14939719.0,178951477.11,0,0,0,0,0.0,8.348474816341794,0,508
18216.0,NARESH CHANDRA UTTAM PATEL,Uttar Pradesh,9,0,0,0.0,0.0,0.0,4819842.0,147000000.0,0,0,0,0,0.0,3.278804081632653,0,509
18218.0,ATUL GARG,Uttar Pradesh,19,0,3,1971552.0,0.0,2179293.0,13624242.0,155336470.0,0,0,0,0,0.0,8.7707941348223,0,510
18220.0,ANOOP PRADHAN BALMIKI,Uttar Pradesh,31,0,31,20657395.0,0.0,44501451.0,0.0,147000000.0,0,0,0,0,0.0,0.0,0,511
18231.0,RUCHI VIRA,Uttar Pradesh,74,0,74,0.0,0.0,12708344.0,0.0,147000000.0,0,0,0,0,0.0,0.0,0,512
533.0,Kiren Rijiju,Arunachal Pradesh,41,0,0,0.0,0.0,0.0,21455446.0,147000000.0,0,0,0,0,0.0,14.59554149659864,0,513
538.0,Dilip Saikia,Assam,6,0,0,0.0,0.0,0.0,1498297.0,147000000.0,0,0,0,0,0.0,1.0192496598639456,0,514
540.0,Kripanath Mallah,Assam,11,0,0,0.0,0.0,0.0,7524447.0,147000000.0,0,0,0,0,0.0,5.118671428571429,0,515
549.0,Giridhari Yadav,Bihar,22,16,20,20074735.0,20074735.0,25901189.0,1980494.0,147000000.0,0,0,0,0,0.0,1.3472748299319728,0,516
550.0,Giriraj Singh,Bihar,1,0,0,0.0,0.0,0.0,610488.0,147000000.0,0,0,0,0,0.0,0.41529795918367346,0,517
552.0,Radha Mohan Singh,Bihar,20,9,15,17846559.0,12399660.0,18100895.0,497619.0,147000000.0,0,0,0,0,0.0,0.33851632653061225,0,518
558.0,Dinesh Chandra Yadav,Bihar,1,0,0,0.0,0.0,0.0,887829.0,150070866.11,0,0,0,0,0.0,0.5916065009908271,0,519
458.0,Kanimozhi Karunanidhi,Tamil Nadu,13,0,1,24347600.0,0.0,1749114.0,10259115.0,147000000.0,0,0,0,0,0.0,6.978989795918366,0,520
459.0,T Sumathy (A) Thamizhachi Thangapandian,Tamil Nadu,14,0,0,19108000.0,0.0,0.0,1018000.0,147000000.0,0,0,0,0,0.0,0.6925170068027211,0,521
468.0,Anurag Sharma,Uttar Pradesh,22,1,2,722565.0,498365.0,722565.0,5909579.0,147000000.0,0,0,0,0,0.0,4.020121768707483,0,522
18234.0,DR. S P SINGH,Uttar Pradesh,21,0,0,0.0,0.0,0.0,8097308.0,147000000.0,0,0,0,0,0.0,5.508372789115646,0,523
18235.0,MOHIBBULLAH,Uttar Pradesh,156,4,56,5534226.0,2125692.0,16416661.0,17238771.0,147000000.0,0,0,0,0,0.0,11.727055102040817,0,524
18237.0,IMRAN MASOOD,Uttar Pradesh,10,0,0,0.0,0.0,0.0,8577818.0,147000000.0,0,0,0,0,0.0,5.835250340136054,0,525
18239.0,ZIA UR REHMAN,Uttar Pradesh,62,0,0,0.0,0.0,0.0,5408544.0,147000000.0,0,0,0,0,0.0,3.6792816326530615,0,526
18240.0,LAXMIKANT PAPPU NISHAD,Uttar Pradesh,26,0,0,0.0,0.0,0.0,18512390.0,147000000.0,0,0,0,0,0.0,12.593462585034013,0,527
18244.0,MANOJ TIGGA,West Bengal,10,0,0,0.0,0.0,0.0,6135972.0,147000000.0,0,0,0,0,0.0,4.174130612244898,0,528
18246.0,PATHAN YUSUF,West Bengal,3,0,1,2000000.0,0.0,2000000.0,3547497.0,147000000.0,0,0,0,0,0.0,2.4132632653061226,0,529
18248.0,DR. SHARMILA SARKAR,West Bengal,7,0,0,5400000.0,0.0,0.0,4653921.0,147000000.0,0,0,0,0,0.0,3.1659326530612244,0,530
481.0,Khalilur Rahaman,West Bengal,11,0,0,0.0,0.0,0.0,2284225.0,147000000.0,0,0,0,0,0.0,1.5538945578231294,0,531
484.0,Mala Roy,West Bengal,20,0,9,23763528.0,0.0,10347198.0,2151267.0,147000000.0,0,0,0,0,0.0,1.46344693877551,0,532
490.0,Shri Narendra Modi,Uttar Pradesh,48,0,0,0.0,0.0,0.0,22242298.0,162070276.11,0,0,0,0,0.0,13.723860126519282,0,533
418.0,Pradeep Kumar Singh,Bihar,49,1,20,27673127.0,448127.0,47473127.0,23780019.0,147000000.0,0,0,0,0,0.0,16.17688367346939,0,534
18251.0,SAYANI GHOSH,West Bengal,13,0,8,0.0,0.0,2585243.0,3534585.0,147000000.0,0,0,0,0,0.0,2.404479591836735,0,535
18254.0,JUNE MALIAH,West Bengal,2,0,0,0.0,0.0,0.0,2922352.0,147000000.0,0,0,0,0,0.0,1.9879945578231293,0,536
18255.0,KARTICK CHANDRA PAUL,West Bengal,1,0,0,0.0,0.0,0.0,1918541.0,202677986.56,0,0,0,0,0.0,0.9465956478860336,0,537
18258.0,DHANORKAR PRATIBHA SURESH ALIAS BALUBHAU,Maharashtra,7,0,0,0.0,0.0,0.0,8965214.0,147000000.0,0,0,0,0,0.0,6.098785034013606,0,538
18260.0,AGA SYED RUHULLAH MEHDI,Jammu And Kashmir,25,0,0,0.0,0.0,0.0,7228989.0,147000000.0,0,0,0,0,0.0,4.917679591836735,0,539
18262.0,JOBA MAJHI,Jharkhand,65,0,0,0.0,0.0,0.0,30734925.0,147000000.0,0,0,0,0,0.0,20.908112244897957,0,540
18263.0,KOTA SRINIVAS POOJARY,Karnataka,48,0,4,10695536.0,0.0,1345016.0,7919745.0,147000000.0,0,0,0,0,0.0,5.3875816326530614,0,541
18227.0,DAROGA PRASAD SAROJ,Uttar Pradesh,101,0,31,16078847.0,0.0,12254990.0,16176362.0,147000000.0,0,0,0,0,0.0,11.004327891156462,0,542
18230.0,R.K. CHAUDHARY,Uttar Pradesh,61,0,0,6371115.0,0.0,0.0,2492131.0,147000000.0,0,0,0,0,0.0,1.6953272108843538,0,543
432.0,Anurag Singh Thakur,Himachal Pradesh,11,0,1,0.0,0.0,500000.0,1522939.0,149570117.11,0,0,0,0,0.0,1.0182107425107971,0,544
433.0,Annpurna Devi,Jharkhand,10,0,0,0.0,0.0,0.0,3642205.0,166665931.8,0,0,0,0,0.0,2.1853326355686566,0,545
435.0,Sanjay Seth,Jharkhand,79,0,48,43208100.0,0.0,28851300.0,903550.0,147064357.11,0,0,0,0,0.0,0.6143908814861033,0,546
437.0,Vishnu Dayal Ram,Jharkhand,8,0,7,0.0,0.0,2797787.0,270000.0,158176083.11,0,0,0,0,0.0,0.1706958439552676,0,547
440.0,Vellalath Kochukrishnan Nair Sreekandan,Kerala,19,0,0,0.0,0.0,0.0,13113828.0,167807990.11,0,0,0,0,0.0,7.814781639064826,0,548
446.0,Vishnu Dutt Sharma,Madhya Pradesh,12,0,2,0.0,0.0,3922881.0,3420000.0,147000000.0,0,0,0,0,0.0,2.3265306122448983,0,549
453.0,Saptagiri Sankar Ulaka,Odisha,31,0,3,0.0,0.0,1040235.0,9301634.0,269500000.0,0,0,0,0,0.0,3.4514411873840447,0,550
373.0,Smt Sangeeta Kumari Singh Deo,Odisha,13,0,0,0.0,0.0,0.0,3693424.0,147000000.0,0,0,0,0,0.0,2.5125333333333333,0,551
381.0,Shri Gurjeet Singh Aujla,Punjab,44,0,13,1700000.0,0.0,5559099.0,11666913.0,147000000.0,0,0,0,0,0.0,7.936675510204082,0,552
18273.0,ISHA KHAN CHOUDHURY,West Bengal,1,0,0,0.0,0.0,0.0,1463573.0,147000000.0,0,0,0,0,0.0,0.9956278911564627,0,553
18275.0,BISHNU PADA RAY,Andaman And Nicobar Islands,5,0,0,0.0,0.0,0.0,7561994.0,147000000.0,0,0,0,0,0.0,5.144213605442177,0,554
18276.0,JASHUBHAI BHILUBHAI RATHVA,Gujarat,26,0,0,0.0,0.0,0.0,7462787.0,147000000.0,0,0,0,0,0.0,5.076725850340136,0,555
18277.0,AZAD KIRTI JHA,West Bengal,18,0,0,20281976.0,0.0,0.0,1888128.0,179658399.98,0,0,0,0,0.0,1.0509544781709017,0,556
18279.0,MUHAMMED HAMDULLAH SAYEED,Lakshadweep,8,0,0,0.0,0.0,0.0,3035774.0,153942460.41,0,0,0,0,0.0,1.9720186308018746,0,557
18281.0,Ramji Lal Suman,Uttar Pradesh,25,0,25,0.0,0.0,43922403.0,0.0,147000000.0,0,0,0,0,0.0,0.0,0,558
18283.0,Subhasish Khuntia,Odisha,4,0,0,0.0,0.0,0.0,1795387.0,147000000.0,0,0,0,0,0.0,1.221351700680272,0,559
18319.0,Golla Baburao,Andhra Pradesh,12,0,1,0.0,0.0,1500000.0,14868365.0,147000000.0,0,0,0,0,0.0,10.114534013605441,0,560
18284.0,Ashok Singh,Madhya Pradesh,23,0,0,0.0,0.0,0.0,9206138.0,147000000.0,0,0,0,0,0.0,6.262678911564626,0,561
18286.0,Medha Vishram Kulkarni,Maharashtra,12,0,1,0.0,0.0,2000000.0,8903246.0,147000000.0,0,0,0,0,0.0,6.05662993197279,0,562
18287.0,Ashokrao Shankarrao Chavan,Maharashtra,6,0,0,0.0,0.0,0.0,5484780.0,147000000.0,0,0,0,0,0.0,3.7311428571428573,0,563
18288.0,Parmar Jashvantsinh Salamsinh,Gujarat,51,0,20,0.0,0.0,4578548.0,12587949.0,147000000.0,0,0,0,0,0.0,8.563230612244897,0,564
18289.0,Milind Murli Deora,Maharashtra,2,0,0,0.0,0.0,0.0,999996.0,147000000.0,0,0,0,0,0.0,0.680269387755102,0,565
18291.0,Govindbhai Laljibhai Dholakia,Gujarat,21,0,1,0.0,0.0,300000.0,15213208.0,147000000.0,0,0,0,0,0.0,10.349121088435375,0,566
18292.0,Ajeet Madhavrao Gopchade,Maharashtra,29,0,0,0.0,0.0,0.0,30288655.0,147000000.0,0,0,0,0,0.0,20.604527210884356,0,567
18294.0,Praful Patel,Maharashtra,26,0,0,4370804.0,0.0,0.0,13598660.0,147000000.0,0,0,0,0,0.0,9.250789115646258,0,568
18295.0,Sonia Gandhi,Rajasthan,35,0,4,0.0,0.0,3977342.0,23963558.0,147000000.0,0,0,0,0,0.0,16.30174013605442,0,569
18297.0,Balyogi Umeshnath,Madhya Pradesh,24,0,0,0.0,0.0,0.0,16590000.0,147000000.0,0,0,0,0,0.0,11.285714285714285,0,570
18264.0,ADV K FRANCIS GEORGE,Kerala,26,0,0,0.0,0.0,0.0,9505991.0,188722256.11,0,0,0,0,0.0,5.037027002506408,0,571
18265.0,M.K. VISHNUPRASAD,Tamil Nadu,12,0,7,0.0,0.0,7325717.0,6484733.0,147000000.0,0,0,0,0,0.0,4.411382993197279,0,572
18267.0,GOPINATH K,Tamil Nadu,7,0,0,0.0,0.0,0.0,4683793.0,147000000.0,0,0,0,0,0.0,3.186253741496599,0,573
18269.0,SELVAGANAPATHI T M,Tamil Nadu,2,0,0,0.0,0.0,0.0,4244214.0,147000000.0,0,0,0,0,0.0,2.8872204081632655,0,574
18270.0,DR RAJKUMAR SANGWAN,Uttar Pradesh,2,0,0,0.0,0.0,0.0,1891224.0,147000000.0,0,0,0,0,0.0,1.2865469387755102,0,575
18306.0,DR. M.P ABDUSSAMAD SAMADANI,Kerala,11,0,0,0.0,0.0,0.0,4118665.0,170434031.11,0,0,0,0,0.0,2.41657430336889,0,576
391.0,Thiru Dayanidhi Maran,Tamil Nadu,2,0,0,10000000.0,0.0,0.0,4909657.0,147000000.0,0,0,0,0,0.0,3.3399027210884356,0,577
393.0,Shri Karti P Chidambaram,Tamil Nadu,21,8,12,13648384.0,2948628.0,4148098.0,6925471.0,159049284.11,0,0,0,0,0.0,4.354292468999909,0,578
403.0,Magunta Sreenivasulu Reddy,Andhra Pradesh,2,0,0,0.0,0.0,0.0,3901463.0,147000000.0,0,0,0,0,0.0,2.654056462585034,0,579
414.0,Ajay Kumar Mandal,Bihar,1,0,1,0.0,0.0,787783.0,0.0,147000000.0,0,0,0,0,0.0,0.0,0,580
416.0,Ashok Kumar Yadav,Bihar,55,0,53,1923991.0,0.0,26673991.0,0.0,147000000.0,0,0,0,0,0.0,0.0,0,581
417.0,Kaushalendra Kumar,Bihar,4,0,0,0.0,0.0,0.0,1490336.0,147000000.0,0,0,0,0,0.0,1.0138340136054422,0,582
337.0,Shri B Y Raghavendra,Karnataka,7,0,3,0.0,0.0,1197562.0,810000.0,147000000.0,0,0,0,0,0.0,0.5510204081632654,0,583
343.0,Dr Shashi Tharoor,Kerala,12,0,2,0.0,0.0,1312519.0,6793513.0,147000000.0,0,0,0,0,0.0,4.621437414965986,0,584
344.0,Shri M K Raghavan,Kerala,3,0,0,0.0,0.0,0.0,1232644.0,147000000.0,0,0,0,0,0.0,0.8385333333333334,0,585
346.0,Adv Adoor Prakash,Kerala,2,0,0,0.0,0.0,0.0,935062.0,147000000.0,0,0,0,0,0.0,0.6360965986394558,0,586
18309.0,SALENG A SANGMA,Meghalaya,34,1,17,1000000.0,1000000.0,5850000.0,6470000.0,147000000.0,0,0,0,0,0.0,4.401360544217687,0,587
18310.0,AVIMANYU SETHI,Odisha,27,0,0,0.0,0.0,0.0,10957178.0,147000000.0,0,0,0,0,0.0,7.453862585034014,0,588
18312.0,DURAI VAIKO,Tamil Nadu,9,0,0,0.0,0.0,0.0,11643986.0,147000000.0,0,0,0,0,0.0,7.921078911564626,0,589
18316.0,Maya Naroliya,Madhya Pradesh,38,0,7,0.0,0.0,8669537.0,14598397.0,147000000.0,0,0,0,0,0.0,9.930882312925169,0,590
18317.0,Sangeeta Balwant,Uttar Pradesh,73,0,0,0.0,0.0,0.0,24021916.0,147000000.0,0,0,0,0,0.0,16.341439455782314,0,591
18320.0,GENIBEN NAGAJI THAKOR,Gujarat,26,0,0,0.0,0.0,0.0,11008725.0,147000000.0,0,0,0,0,0.0,7.488928571428572,0,592
18324.0,BHARATBHAI MANUBHAI SUTARIYA,Gujarat,45,0,11,0.0,0.0,4093358.0,11628388.0,147000000.0,0,0,0,0,0.0,7.910468027210885,0,593
18325.0,NIMUBEN JAYANTIBHAI BAMBHANIYA,Gujarat,5,0,4,0.0,0.0,1498167.0,475658.0,147000000.0,0,0,0,0,0.0,0.32357687074829933,0,594
348.0,Shri Benny Behanan,Kerala,6,0,0,5757000.0,0.0,0.0,4366355.0,164674770.11,0,0,0,0,0.0,2.651502107507633,0,595
360.0,Shri Anil Firojiya,Madhya Pradesh,39,0,2,2400000.0,0.0,1908921.0,6014855.0,147000000.0,0,0,0,0,0.0,4.091738095238096,0,596
372.0,Shri Bhartruhari Mahtab,Odisha,25,0,0,0.0,0.0,0.0,9290487.0,147000000.0,0,0,0,0,0.0,6.32005918367347,0,597
249.0,Shri Deepak (Dev) Adhikari,West Bengal,2,0,2,0.0,0.0,699988.0,0.0,200747364.0,0,0,0,0,0.0,0.0,0,598
251.0,Prof Sougata Ray,West Bengal,1,0,0,0.0,0.0,0.0,5000000.0,147000000.0,0,0,0,0,0.0,3.4013605442176873,0,599
18326.0,CHANDUBHAI CHHAGANBHAI SHIHORA,Gujarat,35,0,4,0.0,0.0,1898299.0,12053299.0,147000000.0,0,0,0,0,0.0,8.199523129251702,0,600
18331.0,Tejveer Singh,Uttar Pradesh,33,0,32,0.0,0.0,39158481.0,743400.0,147000000.0,0,0,0,0,0.0,0.5057142857142858,0,601
18332.0,Dharmshila Gupta,Bihar,36,0,31,0.0,0.0,41512154.0,6079972.0,186200000.0,0,0,0,0,0.0,3.2652910848549945,0,602
18334.0,Meda Raghunadha Reddy,Andhra Pradesh,57,0,5,7440312.0,0.0,5692695.0,26491933.0,147000000.0,0,0,0,0,0.0,18.0217231292517,0,603
18335.0,RADHE SHYAM RATHIYA,Chhattisgarh,41,0,31,0.0,0.0,26558356.0,4798537.0,159706972.09,0,0,0,0,0.0,3.0045883014398833,0,604
18336.0,BRIJMOHAN AGRAWAL,Chhattisgarh,45,4,19,22801630.0,4000000.0,14791253.0,2402008.0,153766451.11,0,0,0,0,0.0,1.5621144811891858,0,605
18302.0,Sanjay Seth,Uttar Pradesh,5,0,0,5750000.0,0.0,0.0,2562345.0,147000000.0,0,0,0,0,0.0,1.7430918367346937,0,606
18303.0,Amar Pal Maurya,Uttar Pradesh,20,0,0,0.0,0.0,0.0,16450204.0,147000000.0,0,0,0,0,0.0,11.190614965986395,0,607
18340.0,Devendra Pratap Singh,Chhattisgarh,6,0,0,0.0,0.0,0.0,6032188.0,170837637.76,0,0,0,0,0.0,3.530947910011654,0,608
18343.0,Daggubati Purandeshwari,Andhra Pradesh,2,0,0,0.0,0.0,0.0,2118531.0,147000000.0,0,0,0,0,0.0,1.4411775510204081,0,609
18344.0,DR. MANSUKH MANDAVIYA,Gujarat,22,0,0,0.0,0.0,0.0,9182700.0,147000000.0,0,0,0,0,0.0,6.246734693877551,0,610
199.0,Sudhanshu Trivedi,Uttar Pradesh,2,0,0,0.0,0.0,0.0,3329636.0,147000000.0,0,0,0,0,0.0,2.2650585034013604,0,611
300.0,Smt Aparajita Sarangi,Odisha,41,0,0,0.0,0.0,0.0,12933967.0,147420861.41,0,0,0,0,0.0,8.77349845625217,0,612
316.0,Shri Janardan Singh Sigriwal,Bihar,10,0,0,0.0,0.0,0.0,11095557.0,147000000.0,0,0,0,0,0.0,7.5479979591836734,0,613
323.0,Rajeshbhai Naranbhai Chudasama,Gujarat,23,0,2,0.0,0.0,550000.0,7025858.0,147000000.0,0,0,0,0,0.0,4.7794952380952385,0,614
324.0,Shri Amit Shah,Gujarat,4,0,0,0.0,0.0,0.0,7776505.0,147000000.0,0,0,0,0,0.0,5.290139455782313,0,615
329.0,Shri  Dharambir Singh,Haryana,31,0,5,532757.0,0.0,3525663.0,8062191.0,147000000.0,0,0,0,0,0.0,5.484483673469388,0,616
331.0,Shri Jugal Kishore Sharma,Jammu And Kashmir,38,0,2,0.0,0.0,1489825.0,11901999.0,147000000.0,0,0,0,0,0.0,8.096597959183674,0,617
18345.0,AKHILESH YADAV,Uttar Pradesh,14,0,0,0.0,0.0,0.0,7747941.0,147000000.0,0,0,0,0,0.0,5.270708163265306,0,618
18347.0,Naveen Jain,Uttar Pradesh,24,0,0,0.0,0.0,0.0,11466891.0,147000000.0,0,0,0,0,0.0,7.800606122448979,0,619
18349.0,Pradip Kumar Varma,Jharkhand,25,0,22,0.0,0.0,18355000.0,2140067.0,178564551.09,0,0,0,0,0.0,1.1984836782757426,0,620
18351.0,DR BYREDDY SHABARI,Andhra Pradesh,17,0,0,0.0,0.0,0.0,7934761.0,150675889.11,0,0,0,0,0.0,5.266111948546244,0,621
18352.0,RAJEEV RAI,Uttar Pradesh,21,0,9,0.0,0.0,5863777.0,9966366.0,147000000.0,0,0,0,0,0.0,6.779840816326531,0,622
18355.0,SHOBHA KARANDLAJE,Karnataka,23,0,3,0.0,0.0,1751186.0,24165434.0,147000000.0,0,0,0,0,0.0,16.43907074829932,0,623
18389.0,KADIYAM KAVYA,Telangana,15,0,1,0.0,0.0,186000.0,6930390.0,147000000.0,0,0,0,0,0.0,4.714551020408163,0,624
18356.0,PRIYANKA SATISH JARKIHOLI,Karnataka,13,0,0,1050000.0,0.0,0.0,6200131.0,147000000.0,0,0,0,0,0.0,4.21777619047619,0,625
18357.0,JYOTIRADITYA M. SCINDIA,Madhya Pradesh,27,10,22,8468901.0,5850000.0,20018759.0,994899.0,147000000.0,0,0,0,0,0.0,0.6768020408163264,0,626
18358.0,ANITA SUBHADARSHINI,Odisha,23,0,0,0.0,0.0,0.0,8984132.0,147000000.0,0,0,0,0,0.0,6.111654421768707,0,627
18359.0,KANWAR SINGH TANWAR,Uttar Pradesh,34,0,34,16911131.0,0.0,38642464.0,0.0,147000000.0,0,0,0,0,0.0,0.0,0,628
18360.0,Mohamed Haneefa,Ladakh,1,0,0,0.0,0.0,0.0,650000.0,161114542.0,0,0,0,0,0.0,0.4034396845444281,0,629
18361.0,SANJAY DINA PATIL,Maharashtra,3,0,0,0.0,0.0,0.0,5955517.0,147000000.0,0,0,0,0,0.0,4.0513721088435375,0,630
18362.0,Banshilal Gurjar,Madhya Pradesh,13,0,3,0.0,0.0,2800000.0,4554435.0,147000000.0,0,0,0,0,0.0,3.0982551020408162,0,631
18364.0,Narayanasa K. Bhandage,Karnataka,28,0,21,9988830.0,0.0,10488819.0,2473223.0,147450000.0,0,0,0,0,0.0,1.67732994235334,0,632
18367.0,LOVELY ANAND,Bihar,9,0,0,0.0,0.0,0.0,10656410.0,147000000.0,0,0,0,0,0.0,7.249258503401361,0,633
18368.0,Sadhna Singh,Uttar Pradesh,7,0,1,0.0,0.0,18042779.0,4676783.0,147000000.0,0,0,0,0,0.0,3.1814850340136056,0,634
18369.0,Sanjay Uttamrao Deshmukh,Maharashtra,33,0,0,0.0,0.0,0.0,16731609.0,185640423.0,0,0,0,0,0.0,9.012912559459101,0,635
18370.0,ALFRED KANNGAM S ARTHUR,Manipur,14,0,13,0.0,0.0,25751963.0,1200000.0,147000000.0,0,0,0,0,0.0,0.8163265306122449,0,636
18371.0,ANGOMCHA BIMOL AKOIJAM,Manipur,9,0,9,0.0,0.0,24201644.0,0.0,147000000.0,0,0,0,0,0.0,0.0,0,637
18372.0,Rao Rajendra Singh,Rajasthan,4,0,0,0.0,0.0,0.0,3056484.0,147000000.0,0,0,0,0,0.0,2.079240816326531,0,638
18373.0,Yerram Venkata Subba Reddy,Andhra Pradesh,22,0,0,0.0,0.0,0.0,12322959.0,147000000.0,0,0,0,0,0.0,8.382965306122449,0,639
18410.0,Jagat Prakash Nadda,Gujarat,5,0,0,0.0,0.0,0.0,2100000.0,147000000.0,0,0,0,0,0.0,1.4285714285714286,0,640
18415.0,TRIVENDRA SINGH RAWAT,Uttarakhand,9,0,0,0.0,0.0,0.0,6478406.0,147000000.0,0,0,0,0,0.0,4.407078911564626,0,641
18414.0,ANIL BALUNI,Uttarakhand,1,0,0,0.0,0.0,0.0,997800.0,147000000.0,0,0,0,0,0.0,0.6787755102040817,0,642
71.0,Pabitra Margherita,Assam,33,0,0,0.0,0.0,0.0,20234791.0,220563957.11,0,0,0,0,0.0,9.174114966530308,0,643
18464.0,Laxmi Verma,Chhattisgarh,2,0,0,0.0,0.0,0.0,1250000.0,49000000.0,0,0,0,0,0.0,2.5510204081632653,0,644
86.0,G.C. Chandrashekhar,Karnataka,24,0,1,0.0,0.0,1000000.0,10519187.0,147000000.0,0,0,0,0,0.0,7.155909523809524,0,645
18428.0,Masthan Rao Yadav Beedha,Andhra Pradesh,26,0,0,0.0,0.0,0.0,20309825.0,171296045.11,0,0,0,0,0.0,11.856563872772298,0,646
18429.0,Ravindra Vasantrao Chavan,Maharashtra,34,0,0,0.0,0.0,0.0,29912545.0,147000000.0,0,0,0,0,0.0,20.34867006802721,0,647
18430.0,Paka Venkata Satyanarayana,Andhra Pradesh,1,0,0,0.0,0.0,0.0,1599035.0,98000000.0,0,0,0,0,0.0,1.6316683673469385,0,648
18437.0,S.R. Sivalingam,Tamil Nadu,1,0,0,0.0,0.0,0.0,999509.0,89248285.42,0,0,0,0,0.0,1.1199195539682782,0,649
18438.0,I.S. Inbadurai,Tamil Nadu,13,0,0,0.0,0.0,0.0,3999803.0,89248285.42,0,0,0,0,0.0,4.481658085841129,0,650
18439.0,M. Dhanapal,Tamil Nadu,7,0,0,0.0,0.0,0.0,4198047.0,89248285.42,0,0,0,0,0.0,4.70378448195851,0,651
18456.0,Jogen Mohan,Assam,1,0,0,0.0,0.0,0.0,1500000.0,49000000.0,0,0,0,0,0.0,3.061224489795918,0,652
18374.0,Anil Kumar Yadav Mandadi,Telangana,18,0,10,0.0,0.0,7626417.0,3840339.0,147000000.0,0,0,0,0,0.0,2.6124755102040815,0,653
18375.0,SHIVRAJ SINGH CHOUHAN,Madhya Pradesh,2,0,0,0.0,0.0,0.0,875000.0,147000000.0,0,0,0,0,0.0,0.5952380952380952,0,654
18376.0,ANIL YESHWANT DESAI,Maharashtra,4,0,0,0.0,0.0,0.0,7792570.0,147000000.0,0,0,0,0,0.0,5.301068027210885,0,655
18002.0,C.M.RAMESH,Andhra Pradesh,9,0,0,0.0,0.0,0.0,7695733.0,202531656.11,0,0,0,0,0.0,3.7997679709982,0,656
18003.0,AMBICA G LAKSHMINARAYANA VALMIKI,Andhra Pradesh,12,0,0,0.0,0.0,0.0,13570782.0,201899064.11,0,0,0,0,0.0,6.721567561405968,0,657
18004.0,Gumma Thanuja Rani,Andhra Pradesh,26,0,5,0.0,0.0,6972000.0,7317309.0,149458905.11,0,0,0,0,0.0,4.895866856922675,0,658
18005.0,Krishna Prasad Tenneti,Andhra Pradesh,7,0,0,0.0,0.0,0.0,5602112.0,167796849.11,0,0,0,0,0.0,3.338627649871726,0,659
5.0,Devusinh Jesingbhai Chauhan,Gujarat,21,1,1,450000.0,450000.0,450000.0,5293443.0,147000000.0,0,0,0,0,0.0,3.6009816326530615,0,660
94.0,V. Sivadasan,Kerala,3,0,0,0.0,0.0,0.0,295641.0,276720323.27,0,0,0,0,0.0,0.10683747276181767,0,661
100.0,Jose K. Mani,Kerala,20,0,0,0.0,0.0,0.0,8985661.0,122500000.0,0,0,0,0,0.0,7.335233469387756,0,662
42.0,Manoj Kumar Jha,Bihar,6,0,0,0.0,0.0,0.0,8234986.0,191620112.11,0,0,0,0,0.0,4.297558283064089,0,663
18422.0,Nitin Laxmanrao Jadhav Patil,Maharashtra,3,0,0,0.0,0.0,0.0,2996110.0,122500000.0,0,0,0,0,0.0,2.445804081632653,0,664
18423.0,Priyanka Gandhi Vadra,Kerala,5,0,0,0.0,0.0,0.0,2016547.0,122500000.0,0,0,0,0,0.0,1.6461608163265307,0,665
18427.0,Ryaga Krishnaiah,Andhra Pradesh,14,0,0,0.0,0.0,0.0,22457463.0,170413583.79,0,0,0,0,0.0,13.17821179541312,0,666
18399.0,Ramvir Singh Bidhuri,Delhi,10,0,0,0.0,0.0,0.0,9465677.0,147559100.0,0,0,0,0,0.0,6.414837851410045,0,667
18400.0,Kamaljeet Sehrawat,Delhi,3,0,0,0.0,0.0,0.0,1475054.0,147000000.0,0,0,0,0,0.0,1.0034380952380952,0,668
18402.0,Subhash Barala,Haryana,22,0,0,0.0,0.0,0.0,16685494.0,147000000.0,0,0,0,0,0.0,11.35067619047619,0,669
18405.0,P. P. Suneer,Kerala,8,0,0,0.0,0.0,0.0,3385232.0,122500000.0,0,0,0,0,0.0,2.7634546938775513,0,670
18407.0,Manan Kumar Mishra,Bihar,37,0,0,0.0,0.0,0.0,36963371.0,235263957.11,0,0,0,0,0.0,15.711446604087087,0,671
